"cond";"group_night";"group";"IdLabel";"chased";"outcome";"rev_night"
"train";0;"mixed1";"Ind3";"Ind2";1;NA
"test";1;"mixed1";"Ind1";"Ind4";1;7
"test";1;"mixed1";"Ind1";"Ind4";1;7
"test";1;"mixed1";"Ind1";"Ind2";1;7
"test";1;"mixed1";"Ind1";"Ind5";1;7
"test";1;"mixed1";"Ind1";"Ind2";1;7
"test";1;"mixed1";"Ind5";"Ind2";1;7
"test";1;"mixed1";"Ind4";"Ind3";1;7
"test";1;"mixed1";"Ind3";"Ind2";1;7
"test";1;"mixed1";"Ind1";"Ind2";1;7
"test";1;"mixed1";"Ind2";"Ind3";1;7
"test";1;"mixed1";"Ind3";"Ind5";1;7
"test";1;"mixed1";"Ind4";"Ind1";1;7
"test";1;"mixed1";"Ind5";"Ind3";1;7
"test";1;"mixed1";"Ind1";"Ind3";1;7
"test";1;"mixed1";"Ind5";"Ind3";1;7
"test";1;"mixed1";"Ind5";"Ind3";1;7
"test";2;"mixed1";"Ind4";"Ind2";1;6
"test";2;"mixed1";"Ind4";"Ind6";1;6
"test";2;"mixed1";"Ind4";"Ind5";1;6
"test";2;"mixed1";"Ind4";"Ind2";1;6
"test";2;"mixed1";"Ind5";"Ind3";1;6
"test";2;"mixed1";"Ind4";"Ind5";1;6
"test";2;"mixed1";"Ind2";"Ind6";1;6
"test";2;"mixed1";"Ind2";"Ind6";1;6
"test";2;"mixed1";"Ind2";"Ind6";1;6
"test";2;"mixed1";"Ind2";"Ind6";1;6
"test";2;"mixed1";"Ind2";"Ind3";1;6
"test";2;"mixed1";"Ind1";"Ind6";1;6
"test";2;"mixed1";"Ind1";"Ind3";1;6
"test";2;"mixed1";"Ind2";"Ind4";1;6
"test";2;"mixed1";"Ind1";"Ind6";1;6
"test";2;"mixed1";"Ind1";"Ind5";1;6
"test";2;"mixed1";"Ind1";"Ind6";1;6
"test";2;"mixed1";"Ind1";"Ind5";1;6
"test";2;"mixed1";"Ind2";"Ind6";1;6
"test";2;"mixed1";"Ind5";"Ind3";1;6
"test";2;"mixed1";"Ind5";"Ind3";1;6
"test";2;"mixed1";"Ind1";"Ind3";1;6
"test";2;"mixed1";"Ind1";"Ind6";1;6
"test";2;"mixed1";"Ind1";"Ind5";1;6
"test";3;"mixed1";"Ind4";"Ind2";1;5
"test";3;"mixed1";"Ind4";"Ind2";1;5
"test";3;"mixed1";"Ind4";"Ind3";1;5
"test";3;"mixed1";"Ind4";"Ind6";1;5
"test";3;"mixed1";"Ind4";"Ind5";1;5
"test";3;"mixed1";"Ind4";"Ind5";1;5
"test";3;"mixed1";"Ind4";"Ind5";1;5
"test";3;"mixed1";"Ind4";"Ind5";1;5
"test";3;"mixed1";"Ind4";"Ind6";1;5
"test";3;"mixed1";"Ind4";"Ind6";1;5
"test";3;"mixed1";"Ind4";"Ind6";1;5
"test";3;"mixed1";"Ind4";"Ind6";1;5
"test";3;"mixed1";"Ind5";"Ind3";1;5
"test";3;"mixed1";"Ind1";"Ind2";1;5
"test";3;"mixed1";"Ind1";"Ind2";1;5
"test";3;"mixed1";"Ind1";"Ind2";1;5
"test";3;"mixed1";"Ind4";"Ind6";1;5
"test";3;"mixed1";"Ind4";"Ind6";1;5
"test";3;"mixed1";"Ind1";"Ind5";1;5
"test";3;"mixed1";"Ind1";"Ind6";1;5
"test";3;"mixed1";"Ind1";"Ind3";1;5
"test";4;"mixed1";"Ind1";"Ind3";1;4
"test";4;"mixed1";"Ind4";"Ind1";1;4
"test";4;"mixed1";"Ind4";"Ind6";1;4
"test";4;"mixed1";"Ind4";"Ind3";1;4
"test";4;"mixed1";"Ind4";"Ind6";1;4
"test";4;"mixed1";"Ind4";"Ind6";1;4
"test";4;"mixed1";"Ind5";"Ind3";1;4
"test";4;"mixed1";"Ind5";"Ind6";1;4
"test";4;"mixed1";"Ind4";"Ind3";1;4
"test";4;"mixed1";"Ind4";"Ind6";1;4
"test";4;"mixed1";"Ind4";"Ind3";1;4
"test";4;"mixed1";"Ind5";"Ind6";1;4
"test";4;"mixed1";"Ind4";"Ind3";1;4
"test";4;"mixed1";"Ind6";"Ind5";1;4
"test";5;"mixed1";"Ind4";"Ind5";1;3
"test";5;"mixed1";"Ind4";"Ind6";1;3
"test";5;"mixed1";"Ind4";"Ind6";1;3
"test";5;"mixed1";"Ind4";"Ind5";1;3
"test";5;"mixed1";"Ind5";"Ind3";1;3
"test";5;"mixed1";"Ind4";"Ind6";1;3
"test";5;"mixed1";"Ind4";"Ind6";1;3
"test";5;"mixed1";"Ind4";"Ind3";1;3
"test";5;"mixed1";"Ind4";"Ind6";1;3
"test";5;"mixed1";"Ind4";"Ind3";1;3
"test";5;"mixed1";"Ind4";"Ind6";1;3
"test";5;"mixed1";"Ind4";"Ind3";1;3
"test";5;"mixed1";"Ind5";"Ind3";1;3
"test";5;"mixed1";"Ind5";"Ind3";1;3
"test";5;"mixed1";"Ind4";"Ind2";1;3
"test";5;"mixed1";"Ind1";"Ind3";1;3
"test";5;"mixed1";"Ind2";"Ind6";1;3
"test";5;"mixed1";"Ind5";"Ind3";1;3
"test";6;"mixed1";"Ind4";"Ind6";1;2
"test";6;"mixed1";"Ind4";"Ind6";1;2
"test";6;"mixed1";"Ind4";"Ind3";1;2
"test";6;"mixed1";"Ind4";"Ind6";1;2
"test";6;"mixed1";"Ind5";"Ind3";1;2
"test";6;"mixed1";"Ind1";"Ind3";1;2
"test";6;"mixed1";"Ind4";"Ind3";1;2
"test";6;"mixed1";"Ind4";"Ind6";1;2
"test";6;"mixed1";"Ind1";"Ind5";1;2
"test";6;"mixed1";"Ind2";"Ind3";1;2
"test";6;"mixed1";"Ind2";"Ind3";1;2
"test";6;"mixed1";"Ind1";"Ind6";1;2
"test";6;"mixed1";"Ind2";"Ind3";1;2
"test";6;"mixed1";"Ind1";"Ind3";1;2
"test";6;"mixed1";"Ind1";"Ind3";1;2
"test";6;"mixed1";"Ind2";"Ind6";1;2
"test";6;"mixed1";"Ind1";"Ind6";1;2
"test";7;"mixed1";"Ind4";"Ind5";1;1
"test";7;"mixed1";"Ind5";"Ind6";1;1
"test";7;"mixed1";"Ind4";"Ind3";1;1
"test";7;"mixed1";"Ind4";"Ind3";1;1
"test";7;"mixed1";"Ind4";"Ind6";1;1
"test";7;"mixed1";"Ind5";"Ind3";1;1
"test";7;"mixed1";"Ind5";"Ind3";1;1
"test";7;"mixed1";"Ind4";"Ind3";1;1
"test";7;"mixed1";"Ind5";"Ind6";1;1
"test";7;"mixed1";"Ind5";"Ind3";1;1
"test";7;"mixed1";"Ind5";"Ind6";1;1
"test";7;"mixed1";"Ind5";"Ind3";1;1
"test";7;"mixed1";"Ind4";"Ind3";1;1
"test";7;"mixed1";"Ind4";"Ind6";1;1
"test";7;"mixed1";"Ind5";"Ind3";1;1
"test";7;"mixed1";"Ind2";"Ind3";1;1
"test";7;"mixed1";"Ind1";"Ind3";1;1
"test";7;"mixed1";"Ind1";"Ind3";1;1
"train";-1;"6f";"Ind31";"Ind32";1;NA
"train";-1;"6f";"Ind31";"Ind32";1;NA
"train";0;"6f";"Ind34";"Ind32";1;NA
"train";0;"6f";"Ind32";"Ind35";1;NA
"train";0;"6f";"Ind31";"Ind35";1;NA
"train";0;"6f";"Ind31";"Ind35";1;NA
"train";0;"6f";"Ind35";"Ind32";1;NA
"train";0;"6f";"Ind35";NA;1;NA
"train";0;"6f";"Ind31";"Ind34";1;NA
"train";0;"6f";"Ind35";"Ind33";1;NA
"train";0;"6f";"Ind32";"Ind34";1;NA
"test";1;"6f";"Ind31";"Ind35";1;7
"test";1;"6f";"Ind31";"Ind33";1;7
"test";1;"6f";"Ind31";"Ind33";1;7
"test";1;"6f";"Ind31";"Ind34";1;7
"test";1;"6f";"Ind31";"Ind33";1;7
"test";1;"6f";"Ind31";"Ind33";1;7
"test";1;"6f";"Ind31";"Ind33";1;7
"test";1;"6f";"Ind31";"Ind35";1;7
"test";1;"6f";"Ind31";"Ind35";1;7
"test";1;"6f";"Ind35";"Ind33";1;7
"test";1;"6f";"Ind36";"Ind35";1;7
"test";1;"6f";"Ind36";"Ind31";1;7
"test";1;"6f";"Ind31";"Ind34";1;7
"test";1;"6f";"Ind35";"Ind36";1;7
"test";1;"6f";"Ind31";"Ind33";1;7
"test";1;"6f";"Ind31";"Ind36";1;7
"test";1;"6f";"Ind32";"Ind36";1;7
"test";1;"6f";"Ind32";"Ind36";1;7
"test";1;"6f";"Ind35";"Ind34";1;7
"test";1;"6f";"Ind36";"Ind31";1;7
"test";1;"6f";"Ind32";"Ind35";1;7
"test";1;"6f";"Ind32";"Ind31";1;7
"test";1;"6f";"Ind31";"Ind33";1;7
"test";1;"6f";"Ind31";"Ind35";1;7
"test";1;"6f";"Ind31";"Ind33";1;7
"test";1;"6f";"Ind31";"Ind34";1;7
"test";1;"6f";"Ind36";"Ind31";1;7
"test";1;"6f";"Ind36";"Ind33";1;7
"test";1;"6f";"Ind36";"Ind33";1;7
"test";1;"6f";"Ind36";"Ind33";1;7
"test";2;"6f";"Ind31";"Ind35";1;6
"test";2;"6f";"Ind31";"Ind33";1;6
"test";2;"6f";"Ind31";"Ind35";1;6
"test";2;"6f";"Ind36";"Ind33";1;6
"test";2;"6f";"Ind31";"Ind33";1;6
"test";2;"6f";"Ind31";"Ind33";1;6
"test";2;"6f";"Ind31";"Ind33";1;6
"test";2;"6f";"Ind31";"Ind35";1;6
"test";2;"6f";"Ind31";"Ind36";1;6
"test";2;"6f";"Ind31";"Ind36";1;6
"test";2;"6f";"Ind31";"Ind34";1;6
"test";2;"6f";"Ind36";"Ind34";1;6
"test";2;"6f";"Ind31";"Ind35";1;6
"test";2;"6f";"Ind31";"Ind33";1;6
"test";2;"6f";"Ind31";"Ind36";1;6
"test";2;"6f";"Ind36";"Ind31";1;6
"test";2;"6f";"Ind35";"Ind31";1;6
"test";3;"6f";"Ind31";"Ind35";1;5
"test";3;"6f";"Ind32";"Ind36";1;5
"test";3;"6f";"Ind32";"Ind31";1;5
"test";3;"6f";"Ind32";"Ind36";1;5
"test";3;"6f";"Ind32";"Ind36";1;5
"test";3;"6f";"Ind32";"Ind36";1;5
"test";3;"6f";"Ind32";"Ind36";1;5
"test";3;"6f";"Ind32";"Ind36";1;5
"test";3;"6f";"Ind32";"Ind31";1;5
"test";3;"6f";"Ind32";"Ind36";1;5
"test";3;"6f";"Ind36";"Ind31";1;5
"test";3;"6f";"Ind36";"Ind31";1;5
"test";3;"6f";"Ind36";"Ind34";1;5
"test";3;"6f";"Ind36";"Ind35";1;5
"test";3;"6f";"Ind36";"Ind35";1;5
"test";3;"6f";"Ind31";"Ind34";1;5
"test";3;"6f";"Ind33";"Ind35";1;5
"test";3;"6f";"Ind31";"Ind35";1;5
"test";3;"6f";"Ind36";"Ind35";1;5
"test";3;"6f";"Ind35";"Ind32";1;5
"test";3;"6f";"Ind36";"Ind35";1;5
"test";3;"6f";"Ind36";"Ind35";1;5
"test";3;"6f";"Ind36";"Ind35";1;5
"test";3;"6f";"Ind36";"Ind35";1;5
"test";3;"6f";"Ind31";"Ind33";1;5
"test";3;"6f";"Ind36";"Ind31";1;5
"test";3;"6f";"Ind36";"Ind35";1;5
"test";3;"6f";"Ind36";"Ind35";1;5
"test";3;"6f";"Ind36";"Ind35";1;5
"test";3;"6f";"Ind33";"Ind34";1;5
"test";3;"6f";"Ind36";"Ind34";1;5
"test";3;"6f";"Ind31";"Ind36";1;5
"test";3;"6f";"Ind31";"Ind35";1;5
"test";3;"6f";"Ind31";"Ind35";1;5
"test";3;"6f";"Ind31";"Ind35";1;5
"test";3;"6f";"Ind31";"Ind35";1;5
"test";3;"6f";"Ind31";"Ind36";1;5
"test";3;"6f";"Ind31";"Ind35";1;5
"test";3;"6f";"Ind31";"Ind33";1;5
"test";3;"6f";"Ind35";"Ind33";1;5
"test";3;"6f";"Ind31";"Ind35";1;5
"test";3;"6f";"Ind36";"Ind31";1;5
"test";3;"6f";"Ind31";"Ind35";1;5
"test";3;"6f";"Ind35";"Ind33";1;5
"test";3;"6f";"Ind35";"Ind32";1;5
"test";3;"6f";"Ind35";"Ind32";1;5
"test";3;"6f";"Ind35";"Ind34";1;5
"test";3;"6f";"Ind35";"Ind33";1;5
"test";3;"6f";"Ind31";"Ind35";1;5
"test";3;"6f";"Ind31";"Ind35";1;5
"test";3;"6f";"Ind31";"Ind35";1;5
"test";3;"6f";"Ind35";"Ind32";1;5
"test";3;"6f";"Ind35";"Ind34";1;5
"test";3;"6f";"Ind31";"Ind35";1;5
"test";3;"6f";"Ind35";"Ind34";1;5
"test";3;"6f";"Ind31";"Ind32";1;5
"test";3;"6f";"Ind31";"Ind34";1;5
"test";3;"6f";"Ind31";"Ind35";1;5
"test";3;"6f";"Ind35";"Ind36";1;5
"test";3;"6f";"Ind31";"Ind35";1;5
"test";3;"6f";"Ind31";"Ind34";1;5
"test";3;"6f";"Ind35";"Ind31";1;5
"test";4;"6f";"Ind31";"Ind35";1;4
"test";4;"6f";"Ind31";"Ind35";1;4
"test";4;"6f";"Ind31";"Ind35";1;4
"test";4;"6f";"Ind31";"Ind35";1;4
"test";4;"6f";"Ind31";"Ind35";1;4
"test";4;"6f";"Ind31";"Ind35";1;4
"test";4;"6f";"Ind31";"Ind35";1;4
"test";4;"6f";"Ind31";"Ind35";1;4
"test";4;"6f";"Ind31";"Ind35";1;4
"test";4;"6f";"Ind31";"Ind35";1;4
"test";4;"6f";"Ind31";"Ind35";1;4
"test";4;"6f";"Ind32";"Ind31";1;4
"test";4;"6f";"Ind36";"Ind31";1;4
"test";4;"6f";"Ind32";"Ind31";1;4
"test";4;"6f";"Ind32";"Ind36";1;4
"test";4;"6f";"Ind36";"Ind33";1;4
"test";4;"6f";"Ind32";"Ind35";1;4
"test";4;"6f";"Ind32";"Ind34";1;4
"test";4;"6f";"Ind32";"Ind35";1;4
"test";4;"6f";"Ind32";"Ind33";1;4
"test";4;"6f";"Ind32";"Ind36";1;4
"test";4;"6f";"Ind31";"Ind35";1;4
"test";4;"6f";"Ind32";"Ind34";1;4
"test";4;"6f";"Ind31";"Ind35";1;4
"test";4;"6f";"Ind35";"Ind36";1;4
"test";4;"6f";"Ind36";"Ind31";1;4
"test";4;"6f";"Ind32";"Ind34";1;4
"test";4;"6f";"Ind32";"Ind35";1;4
"test";4;"6f";"Ind35";"Ind32";1;4
"test";4;"6f";"Ind32";"Ind35";1;4
"test";4;"6f";"Ind31";"Ind35";1;4
"test";4;"6f";"Ind35";"Ind36";1;4
"test";4;"6f";"Ind32";"Ind31";1;4
"test";4;"6f";"Ind35";"Ind31";1;4
"test";4;"6f";"Ind35";"Ind32";1;4
"test";4;"6f";"Ind33";"Ind34";1;4
"test";4;"6f";"Ind31";"Ind35";1;4
"test";4;"6f";"Ind32";"Ind31";1;4
"test";4;"6f";"Ind31";"Ind34";1;4
"test";4;"6f";"Ind32";"Ind33";1;4
"test";4;"6f";"Ind31";"Ind35";1;4
"test";4;"6f";"Ind32";"Ind31";1;4
"test";4;"6f";"Ind32";"Ind31";1;4
"test";4;"6f";"Ind32";"Ind33";1;4
"test";4;"6f";"Ind35";"Ind36";1;4
"test";4;"6f";"Ind32";"Ind33";1;4
"test";4;"6f";"Ind32";"Ind33";1;4
"test";4;"6f";"Ind32";"Ind34";1;4
"test";4;"6f";"Ind35";"Ind36";1;4
"test";4;"6f";"Ind35";"Ind31";1;4
"test";4;"6f";"Ind32";"Ind33";1;4
"test";4;"6f";"Ind32";"Ind33";1;4
"test";4;"6f";"Ind32";"Ind34";1;4
"test";4;"6f";"Ind32";"Ind36";1;4
"test";4;"6f";"Ind32";"Ind34";1;4
"test";4;"6f";"Ind32";"Ind31";1;4
"test";4;"6f";"Ind36";"Ind32";1;4
"test";4;"6f";"Ind31";"Ind34";1;4
"test";4;"6f";"Ind32";"Ind36";1;4
"test";4;"6f";"Ind32";"Ind34";1;4
"test";4;"6f";"Ind32";"Ind34";1;4
"test";4;"6f";"Ind36";"Ind33";1;4
"test";4;"6f";"Ind35";"Ind32";1;4
"test";4;"6f";"Ind35";"Ind34";1;4
"test";4;"6f";"Ind32";"Ind33";1;4
"test";4;"6f";"Ind36";"Ind33";1;4
"test";4;"6f";"Ind31";"Ind34";1;4
"test";4;"6f";"Ind36";"Ind33";1;4
"test";4;"6f";"Ind32";"Ind33";1;4
"test";4;"6f";"Ind32";"Ind33";1;4
"test";4;"6f";"Ind36";"Ind33";1;4
"test";4;"6f";"Ind36";"Ind34";1;4
"test";5;"6f";"Ind31";"Ind36";1;3
"test";5;"6f";"Ind36";"Ind33";1;3
"test";5;"6f";"Ind36";"Ind33";1;3
"test";5;"6f";"Ind31";"Ind32";1;3
"test";5;"6f";"Ind36";"Ind32";1;3
"test";5;"6f";"Ind36";"Ind34";1;3
"test";5;"6f";"Ind36";"Ind31";1;3
"test";5;"6f";"Ind36";"Ind34";1;3
"test";5;"6f";"Ind36";"Ind34";1;3
"test";5;"6f";"Ind31";"Ind35";1;3
"test";5;"6f";"Ind31";"Ind35";1;3
"test";5;"6f";"Ind31";"Ind35";1;3
"test";5;"6f";"Ind32";"Ind35";1;3
"test";5;"6f";"Ind36";"Ind34";1;3
"test";5;"6f";"Ind31";"Ind33";1;3
"test";5;"6f";"Ind31";"Ind33";1;3
"test";5;"6f";"Ind32";"Ind34";1;3
"test";5;"6f";"Ind31";"Ind35";1;3
"test";5;"6f";"Ind31";"Ind35";1;3
"test";5;"6f";"Ind31";"Ind33";1;3
"test";5;"6f";"Ind35";"Ind32";1;3
"test";5;"6f";"Ind31";"Ind33";1;3
"test";5;"6f";"Ind32";"Ind33";1;3
"test";5;"6f";"Ind32";"Ind33";1;3
"test";6;"6f";"Ind35";"Ind31";1;2
"test";6;"6f";"Ind35";"Ind31";1;2
"test";6;"6f";"Ind35";"Ind31";1;2
"test";6;"6f";"Ind35";"Ind31";1;2
"test";6;"6f";"Ind35";"Ind31";1;2
"test";6;"6f";"Ind35";"Ind31";1;2
"test";6;"6f";"Ind35";"Ind31";1;2
"test";6;"6f";"Ind35";"Ind31";1;2
"test";6;"6f";"Ind35";"Ind31";1;2
"test";6;"6f";"Ind35";"Ind31";1;2
"test";6;"6f";"Ind35";"Ind31";1;2
"test";6;"6f";"Ind35";"Ind31";1;2
"test";6;"6f";"Ind35";"Ind31";1;2
"test";6;"6f";"Ind35";"Ind31";1;2
"test";6;"6f";"Ind35";"Ind31";1;2
"test";6;"6f";"Ind35";"Ind31";1;2
"test";6;"6f";"Ind35";"Ind36";1;2
"test";6;"6f";"Ind32";"Ind34";1;2
"test";6;"6f";"Ind35";"Ind36";1;2
"test";6;"6f";"Ind35";"Ind31";1;2
"test";6;"6f";"Ind32";"Ind31";1;2
"test";6;"6f";"Ind35";"Ind36";1;2
"test";6;"6f";"Ind32";"Ind36";1;2
"test";6;"6f";"Ind32";"Ind34";1;2
"test";6;"6f";"Ind32";"Ind34";1;2
"test";6;"6f";"Ind32";"Ind34";1;2
"test";6;"6f";"Ind35";"Ind36";1;2
"test";6;"6f";"Ind32";"Ind36";1;2
"test";6;"6f";"Ind32";"Ind33";1;2
"test";6;"6f";"Ind32";"Ind34";1;2
"test";6;"6f";"Ind32";"Ind31";1;2
"test";6;"6f";"Ind35";"Ind34";1;2
"test";6;"6f";"Ind32";"Ind33";1;2
"test";6;"6f";"Ind36";"Ind31";1;2
"test";6;"6f";"Ind32";"Ind34";1;2
"test";6;"6f";"Ind36";"Ind34";1;2
"test";6;"6f";"Ind35";"Ind34";1;2
"test";6;"6f";"Ind36";"Ind33";1;2
"test";7;"6f";"Ind32";"Ind31";1;1
"test";7;"6f";"Ind36";"Ind31";1;1
"test";7;"6f";"Ind36";"Ind31";1;1
"test";7;"6f";"Ind31";"Ind33";1;1
"test";7;"6f";"Ind31";"Ind33";1;1
"test";7;"6f";"Ind31";"Ind33";1;1
"test";7;"6f";"Ind31";"Ind33";1;1
"test";7;"6f";"Ind31";"Ind35";1;1
"test";7;"6f";"Ind36";"Ind35";1;1
"test";7;"6f";"Ind36";"Ind33";1;1
"test";7;"6f";"Ind31";"Ind33";1;1
"test";7;"6f";"Ind36";"Ind33";1;1
"test";7;"6f";"Ind36";"Ind33";1;1
"test";7;"6f";"Ind31";"Ind36";1;1
"test";7;"6f";"Ind31";"Ind36";1;1
"test";7;"6f";"Ind31";"Ind35";1;1
"test";7;"6f";"Ind36";"Ind33";1;1
"test";7;"6f";"Ind31";"Ind32";1;1
"test";7;"6f";"Ind31";"Ind35";1;1
"test";7;"6f";"Ind36";"Ind32";1;1
"test";7;"6f";"Ind36";"Ind33";1;1
"test";7;"6f";"Ind36";"Ind34";1;1
"test";7;"6f";"Ind31";"Ind34";1;1
"test";7;"6f";"Ind36";"Ind33";1;1
"test";7;"6f";"Ind31";"Ind33";1;1
"test";7;"6f";"Ind36";"Ind33";1;1
"test";7;"6f";"Ind36";"Ind32";1;1
"test";7;"6f";"Ind36";"Ind32";1;1
"test";7;"6f";"Ind36";"Ind33";1;1
"test";7;"6f";"Ind31";"Ind34";1;1
"test";7;"6f";"Ind32";"Ind34";1;1
"test";7;"6f";"Ind32";"Ind31";1;1
"test";7;"6f";"Ind32";"Ind33";1;1
"test";7;"6f";"Ind32";"Ind34";1;1
"train";0;"6m";"Ind27";"Ind29";1;NA
"train";0;"6m";"Ind25";"Ind30";1;NA
"train";0;"6m";"Ind25";"Ind30";1;NA
"train";0;"6m";"Ind25";"Ind30";1;NA
"train";0;"6m";"Ind25";"Ind27";1;NA
"train";0;"6m";"Ind27";"Ind26";1;NA
"test";1;"6m";"Ind26";"Ind27";1;8
"test";1;"6m";"Ind26";"Ind27";1;8
"test";1;"6m";"Ind26";"Ind30";1;8
"test";1;"6m";"Ind26";"Ind30";1;8
"test";1;"6m";"Ind26";"Ind29";1;8
"test";1;"6m";"Ind26";"Ind25";1;8
"test";1;"6m";"Ind26";"Ind29";1;8
"test";1;"6m";"Ind29";"Ind27";1;8
"test";1;"6m";"Ind29";"Ind28";1;8
"test";1;"6m";"Ind29";"Ind27";1;8
"test";1;"6m";"Ind29";"Ind27";1;8
"test";1;"6m";"Ind29";"Ind28";1;8
"test";1;"6m";"Ind29";"Ind30";1;8
"test";1;"6m";"Ind29";"Ind28";1;8
"test";1;"6m";"Ind25";"Ind27";1;8
"test";1;"6m";"Ind29";"Ind25";1;8
"test";2;"6m";"Ind26";"Ind25";1;7
"test";2;"6m";"Ind26";"Ind25";1;7
"test";2;"6m";"Ind26";"Ind25";1;7
"test";2;"6m";"Ind26";"Ind29";1;7
"test";2;"6m";"Ind26";"Ind29";1;7
"test";2;"6m";"Ind26";"Ind28";1;7
"test";2;"6m";"Ind29";"Ind27";1;7
"test";2;"6m";"Ind26";"Ind27";1;7
"test";2;"6m";"Ind29";"Ind28";1;7
"test";2;"6m";"Ind29";"Ind27";1;7
"test";2;"6m";"Ind26";"Ind28";1;7
"test";2;"6m";"Ind29";"Ind26";1;7
"test";2;"6m";"Ind29";"Ind26";1;7
"test";2;"6m";"Ind29";"Ind28";1;7
"test";2;"6m";"Ind29";"Ind28";1;7
"test";2;"6m";"Ind29";"Ind25";1;7
"test";2;"6m";"Ind30";"Ind25";1;7
"test";2;"6m";"Ind30";"Ind27";1;7
"test";2;"6m";"Ind30";"Ind28";1;7
"test";2;"6m";"Ind30";"Ind28";1;7
"test";2;"6m";"Ind29";"Ind28";1;7
"test";2;"6m";"Ind29";"Ind25";1;7
"test";3;"6m";"Ind26";"Ind30";1;6
"test";3;"6m";"Ind26";"Ind25";1;6
"test";3;"6m";"Ind26";"Ind25";1;6
"test";3;"6m";"Ind26";"Ind25";1;6
"test";3;"6m";"Ind26";"Ind27";1;6
"test";3;"6m";"Ind26";"Ind28";1;6
"test";3;"6m";"Ind26";"Ind28";1;6
"test";3;"6m";"Ind26";"Ind25";1;6
"test";3;"6m";"Ind28";"Ind30";1;6
"test";3;"6m";"Ind26";"Ind25";1;6
"test";3;"6m";"Ind26";"Ind30";1;6
"test";3;"6m";"Ind26";"Ind28";1;6
"test";3;"6m";"Ind26";"Ind28";1;6
"test";3;"6m";"Ind26";"Ind28";1;6
"test";3;"6m";"Ind26";"Ind27";1;6
"test";3;"6m";"Ind26";"Ind25";1;6
"test";3;"6m";"Ind26";"Ind28";1;6
"test";3;"6m";"Ind26";"Ind27";1;6
"test";3;"6m";"Ind26";"Ind29";1;6
"test";3;"6m";"Ind26";"Ind29";1;6
"test";3;"6m";"Ind26";"Ind25";1;6
"test";3;"6m";"Ind26";"Ind29";1;6
"test";3;"6m";"Ind26";"Ind30";1;6
"test";3;"6m";"Ind29";"Ind27";1;6
"test";3;"6m";"Ind29";"Ind27";1;6
"test";3;"6m";"Ind29";"Ind28";1;6
"test";3;"6m";"Ind25";"Ind27";1;6
"test";3;"6m";"Ind25";"Ind28";1;6
"test";3;"6m";"Ind25";"Ind27";1;6
"test";3;"6m";"Ind25";"Ind28";1;6
"test";3;"6m";"Ind25";"Ind27";1;6
"test";3;"6m";"Ind25";"Ind28";1;6
"test";3;"6m";"Ind25";"Ind28";1;6
"test";3;"6m";"Ind25";"Ind28";1;6
"test";3;"6m";"Ind25";"Ind28";1;6
"test";3;"6m";"Ind25";"Ind27";1;6
"test";3;"6m";"Ind25";"Ind27";1;6
"test";3;"6m";"Ind25";"Ind30";1;6
"test";3;"6m";"Ind30";"Ind27";1;6
"test";3;"6m";"Ind29";"Ind28";1;6
"test";3;"6m";"Ind30";"Ind27";1;6
"test";3;"6m";"Ind30";"Ind28";1;6
"test";4;"6m";"Ind29";"Ind27";1;5
"test";4;"6m";"Ind29";"Ind28";1;5
"test";4;"6m";"Ind29";"Ind25";1;5
"test";4;"6m";"Ind29";"Ind28";1;5
"test";4;"6m";"Ind29";"Ind28";1;5
"test";4;"6m";"Ind29";"Ind28";1;5
"test";4;"6m";"Ind29";"Ind28";1;5
"test";4;"6m";"Ind29";"Ind27";1;5
"test";4;"6m";"Ind29";"Ind28";1;5
"test";4;"6m";"Ind29";"Ind27";1;5
"test";4;"6m";"Ind29";"Ind27";1;5
"test";4;"6m";"Ind29";"Ind25";1;5
"test";4;"6m";"Ind26";"Ind28";1;5
"test";4;"6m";"Ind26";"Ind27";1;5
"test";4;"6m";"Ind29";"Ind25";1;5
"test";4;"6m";"Ind26";"Ind28";1;5
"test";4;"6m";"Ind26";"Ind27";1;5
"test";4;"6m";"Ind26";"Ind25";1;5
"test";4;"6m";"Ind26";"Ind27";1;5
"test";4;"6m";"Ind26";"Ind28";1;5
"test";4;"6m";"Ind26";"Ind25";1;5
"test";4;"6m";"Ind29";"Ind25";1;5
"test";4;"6m";"Ind26";"Ind25";1;5
"test";4;"6m";"Ind26";"Ind27";1;5
"test";4;"6m";"Ind26";"Ind27";1;5
"test";4;"6m";"Ind29";"Ind25";1;5
"test";4;"6m";"Ind26";"Ind25";1;5
"test";4;"6m";"Ind26";"Ind25";1;5
"test";4;"6m";"Ind26";"Ind28";1;5
"test";4;"6m";"Ind26";"Ind28";1;5
"test";5;"6m";"Ind26";"Ind28";1;4
"test";5;"6m";"Ind26";"Ind28";1;4
"test";5;"6m";"Ind29";"Ind30";1;4
"test";5;"6m";"Ind29";"Ind28";1;4
"test";5;"6m";"Ind29";"Ind28";1;4
"test";5;"6m";"Ind25";"Ind30";1;4
"test";5;"6m";"Ind25";"Ind28";1;4
"test";5;"6m";"Ind26";"Ind28";1;4
"test";5;"6m";"Ind28";"Ind26";1;4
"test";5;"6m";"Ind29";"Ind27";1;4
"test";5;"6m";"Ind26";"Ind28";1;4
"test";5;"6m";"Ind26";"Ind28";1;4
"test";5;"6m";"Ind26";"Ind28";1;4
"test";5;"6m";"Ind26";"Ind25";1;4
"test";6;"6m";"Ind29";"Ind25";1;3
"test";6;"6m";"Ind29";"Ind28";1;3
"test";6;"6m";"Ind29";"Ind27";1;3
"test";6;"6m";"Ind29";"Ind27";1;3
"test";6;"6m";"Ind29";"Ind25";1;3
"test";6;"6m";"Ind29";"Ind28";1;3
"test";6;"6m";"Ind29";"Ind28";1;3
"test";6;"6m";"Ind29";"Ind28";1;3
"test";6;"6m";"Ind29";"Ind28";1;3
"test";6;"6m";"Ind29";"Ind27";1;3
"test";6;"6m";"Ind25";"Ind30";1;3
"test";6;"6m";"Ind25";"Ind28";1;3
"test";6;"6m";"Ind29";"Ind25";1;3
"test";6;"6m";"Ind25";"Ind30";1;3
"test";6;"6m";"Ind25";"Ind30";1;3
"test";6;"6m";"Ind28";"Ind25";1;3
"test";6;"6m";"Ind30";"Ind27";1;3
"test";6;"6m";"Ind26";"Ind28";1;3
"test";6;"6m";"Ind26";"Ind28";1;3
"test";6;"6m";"Ind26";"Ind28";1;3
"test";6;"6m";"Ind26";"Ind28";1;3
"test";6;"6m";"Ind30";"Ind28";1;3
"test";6;"6m";"Ind30";"Ind28";1;3
"test";7;"6m";"Ind26";"Ind30";1;2
"test";7;"6m";"Ind26";"Ind27";1;2
"test";7;"6m";"Ind26";"Ind25";1;2
"test";7;"6m";"Ind26";"Ind30";1;2
"test";7;"6m";"Ind26";"Ind25";1;2
"test";7;"6m";"Ind26";"Ind25";1;2
"test";7;"6m";"Ind26";"Ind28";1;2
"test";7;"6m";"Ind26";"Ind25";1;2
"test";7;"6m";"Ind26";"Ind25";1;2
"test";7;"6m";"Ind26";"Ind28";1;2
"test";7;"6m";"Ind26";"Ind28";1;2
"test";7;"6m";"Ind26";"Ind27";1;2
"test";7;"6m";"Ind26";"Ind28";1;2
"test";7;"6m";"Ind26";"Ind28";1;2
"test";7;"6m";"Ind29";"Ind25";1;2
"test";7;"6m";"Ind29";"Ind28";1;2
"test";7;"6m";"Ind29";"Ind25";1;2
"test";7;"6m";"Ind29";"Ind28";1;2
"test";7;"6m";"Ind30";"Ind27";1;2
"test";7;"6m";"Ind26";"Ind28";1;2
"test";7;"6m";"Ind26";"Ind28";1;2
"test";7;"6m";"Ind30";"Ind28";1;2
"test";7;"6m";"Ind26";"Ind27";1;2
"test";7;"6m";"Ind25";"Ind30";1;2
"test";8;"6m";"Ind30";"Ind28";1;1
"test";8;"6m";"Ind26";"Ind25";1;1
"test";8;"6m";"Ind26";"Ind25";1;1
"test";8;"6m";"Ind29";"Ind28";1;1
"test";8;"6m";"Ind29";"Ind28";1;1
"test";8;"6m";"Ind29";"Ind28";1;1
"test";8;"6m";"Ind25";"Ind27";1;1
"test";8;"6m";"Ind30";"Ind27";1;1
"test";8;"6m";"Ind25";"Ind27";1;1
"test";8;"6m";"Ind25";"Ind27";1;1
"test";8;"6m";"Ind25";"Ind27";1;1
"test";8;"6m";"Ind25";"Ind28";1;1
"test";8;"6m";"Ind25";"Ind27";1;1
"test";8;"6m";"Ind25";"Ind30";1;1
"test";8;"6m";"Ind25";"Ind30";1;1
"test";8;"6m";"Ind25";"Ind27";1;1
"test";8;"6m";"Ind29";"Ind28";1;1
"test";8;"6m";"Ind25";"Ind30";1;1
"test";8;"6m";"Ind25";"Ind28";1;1
"test";8;"6m";"Ind25";"Ind27";1;1
"test";8;"6m";"Ind25";"Ind30";1;1
"test";8;"6m";"Ind30";"Ind28";1;1
"train";-1;"mixed2";"Ind10";"Ind12";1;NA
"train";-1;"mixed2";"Ind10";"Ind12";1;NA
"train";-1;"mixed2";"Ind10";"Ind12";1;NA
"train";-1;"mixed2";"Ind10";"Ind8";1;NA
"train";0;"mixed2";"Ind7";"Ind8";1;NA
"train";0;"mixed2";"Ind9";"Ind8";1;NA
"test";1;"mixed2";"Ind8";"Ind7";1;9
"test";1;"mixed2";"Ind8";"Ind9";1;9
"test";1;"mixed2";"Ind8";"Ind9";1;9
"test";1;"mixed2";"Ind8";"Ind9";1;9
"test";1;"mixed2";"Ind8";"Ind7";1;9
"test";1;"mixed2";"Ind8";"Ind7";1;9
"test";1;"mixed2";"Ind9";"Ind11";1;9
"test";1;"mixed2";"Ind8";"Ind7";1;9
"test";1;"mixed2";"Ind8";"Ind7";1;9
"test";1;"mixed2";"Ind8";"Ind9";1;9
"test";1;"mixed2";"Ind8";"Ind7";1;9
"test";1;"mixed2";"Ind8";"Ind7";1;9
"test";1;"mixed2";"Ind8";"Ind7";1;9
"test";2;"mixed2";"Ind9";"Ind11";1;8
"test";2;"mixed2";"Ind9";"Ind12";1;8
"test";2;"mixed2";"Ind9";"Ind11";1;8
"test";2;"mixed2";"Ind9";"Ind8";1;8
"test";2;"mixed2";"Ind8";"Ind12";1;8
"test";2;"mixed2";"Ind8";"Ind12";1;8
"test";2;"mixed2";"Ind8";"Ind10";1;8
"test";2;"mixed2";"Ind8";"Ind12";1;8
"test";2;"mixed2";"Ind8";"Ind12";1;8
"test";2;"mixed2";"Ind8";"Ind10";1;8
"test";2;"mixed2";"Ind8";"Ind12";1;8
"test";2;"mixed2";"Ind8";"Ind11";1;8
"test";2;"mixed2";"Ind8";"Ind10";1;8
"test";2;"mixed2";"Ind8";"Ind12";1;8
"test";2;"mixed2";"Ind8";"Ind11";1;8
"test";2;"mixed2";"Ind8";"Ind10";1;8
"test";2;"mixed2";"Ind8";"Ind10";1;8
"test";2;"mixed2";"Ind8";"Ind10";1;8
"test";2;"mixed2";"Ind8";"Ind10";1;8
"test";2;"mixed2";"Ind8";"Ind12";1;8
"test";2;"mixed2";"Ind8";"Ind9";1;8
"test";2;"mixed2";"Ind8";"Ind11";1;8
"test";2;"mixed2";"Ind8";"Ind9";1;8
"test";2;"mixed2";"Ind11";"Ind12";1;8
"test";2;"mixed2";"Ind8";"Ind10";1;8
"test";2;"mixed2";"Ind8";"Ind12";1;8
"test";2;"mixed2";"Ind9";"Ind10";1;8
"test";2;"mixed2";"Ind8";"Ind12";1;8
"test";2;"mixed2";"Ind8";"Ind11";1;8
"test";2;"mixed2";"Ind8";"Ind12";1;8
"test";2;"mixed2";"Ind8";"Ind7";1;8
"test";2;"mixed2";"Ind8";"Ind12";1;8
"test";2;"mixed2";"Ind8";"Ind12";1;8
"test";2;"mixed2";"Ind8";"Ind11";1;8
"test";2;"mixed2";"Ind8";"Ind7";1;8
"test";2;"mixed2";"Ind8";"Ind9";1;8
"test";2;"mixed2";"Ind8";"Ind12";1;8
"test";2;"mixed2";"Ind8";"Ind9";1;8
"test";2;"mixed2";"Ind8";"Ind11";1;8
"test";2;"mixed2";"Ind8";"Ind7";1;8
"test";2;"mixed2";"Ind8";"Ind9";1;8
"test";2;"mixed2";"Ind8";"Ind9";1;8
"test";2;"mixed2";"Ind8";"Ind10";1;8
"test";2;"mixed2";"Ind8";"Ind7";1;8
"test";2;"mixed2";"Ind8";"Ind9";1;8
"test";2;"mixed2";"Ind8";"Ind11";1;8
"test";2;"mixed2";"Ind8";"Ind9";1;8
"test";2;"mixed2";"Ind8";"Ind7";1;8
"test";2;"mixed2";"Ind8";"Ind9";1;8
"test";2;"mixed2";"Ind8";"Ind11";1;8
"test";2;"mixed2";"Ind8";"Ind10";1;8
"test";2;"mixed2";"Ind8";"Ind11";1;8
"test";2;"mixed2";"Ind8";"Ind7";1;8
"test";2;"mixed2";"Ind7";"Ind10";1;8
"test";2;"mixed2";"Ind8";"Ind11";1;8
"test";3;"mixed2";"Ind8";"Ind10";1;7
"test";3;"mixed2";"Ind8";"Ind12";1;7
"test";3;"mixed2";"Ind8";"Ind10";1;7
"test";3;"mixed2";"Ind8";"Ind11";1;7
"test";3;"mixed2";"Ind8";"Ind12";1;7
"test";3;"mixed2";"Ind8";"Ind12";1;7
"test";3;"mixed2";"Ind8";"Ind12";1;7
"test";3;"mixed2";"Ind8";"Ind10";1;7
"test";3;"mixed2";"Ind8";"Ind11";1;7
"test";3;"mixed2";"Ind8";"Ind12";1;7
"test";3;"mixed2";"Ind8";"Ind10";1;7
"test";3;"mixed2";"Ind8";"Ind12";1;7
"test";3;"mixed2";"Ind8";"Ind11";1;7
"test";3;"mixed2";"Ind8";"Ind11";1;7
"test";3;"mixed2";"Ind8";"Ind12";1;7
"test";3;"mixed2";"Ind11";"Ind10";1;7
"test";3;"mixed2";"Ind8";"Ind11";1;7
"test";3;"mixed2";"Ind8";"Ind12";1;7
"test";3;"mixed2";"Ind8";"Ind12";1;7
"test";3;"mixed2";"Ind8";"Ind9";1;7
"test";3;"mixed2";"Ind8";"Ind12";1;7
"test";3;"mixed2";"Ind8";"Ind7";1;7
"test";3;"mixed2";"Ind8";"Ind9";1;7
"test";3;"mixed2";"Ind8";"Ind11";1;7
"test";3;"mixed2";"Ind8";"Ind10";1;7
"test";3;"mixed2";"Ind8";"Ind11";1;7
"test";3;"mixed2";"Ind8";"Ind7";1;7
"test";3;"mixed2";"Ind8";"Ind11";1;7
"test";3;"mixed2";"Ind8";"Ind12";1;7
"test";3;"mixed2";"Ind8";"Ind12";1;7
"test";3;"mixed2";"Ind8";"Ind7";1;7
"test";3;"mixed2";"Ind8";"Ind11";1;7
"test";3;"mixed2";"Ind8";"Ind9";1;7
"test";3;"mixed2";"Ind8";"Ind7";1;7
"test";3;"mixed2";"Ind8";"Ind7";1;7
"test";3;"mixed2";"Ind8";"Ind9";1;7
"test";3;"mixed2";"Ind8";"Ind7";1;7
"test";3;"mixed2";"Ind7";"Ind10";1;7
"test";3;"mixed2";"Ind8";"Ind7";1;7
"test";3;"mixed2";"Ind7";"Ind12";1;7
"test";4;"mixed2";"Ind8";"Ind11";1;6
"test";4;"mixed2";"Ind8";"Ind12";1;6
"test";4;"mixed2";"Ind8";"Ind11";1;6
"test";4;"mixed2";"Ind8";"Ind9";1;6
"test";4;"mixed2";"Ind8";"Ind12";1;6
"test";4;"mixed2";"Ind8";"Ind11";1;6
"test";4;"mixed2";"Ind8";"Ind11";1;6
"test";4;"mixed2";"Ind8";"Ind12";1;6
"test";4;"mixed2";"Ind8";"Ind11";1;6
"test";4;"mixed2";"Ind8";"Ind9";1;6
"test";4;"mixed2";"Ind8";"Ind9";1;6
"test";4;"mixed2";"Ind8";"Ind9";1;6
"test";4;"mixed2";"Ind8";"Ind10";1;6
"test";4;"mixed2";"Ind8";"Ind11";1;6
"test";4;"mixed2";"Ind8";"Ind9";1;6
"test";4;"mixed2";"Ind8";"Ind9";1;6
"test";4;"mixed2";"Ind8";"Ind9";1;6
"test";4;"mixed2";"Ind8";"Ind12";1;6
"test";4;"mixed2";"Ind8";"Ind7";1;6
"test";4;"mixed2";"Ind8";"Ind11";1;6
"test";4;"mixed2";"Ind8";"Ind9";1;6
"test";4;"mixed2";"Ind8";"Ind7";1;6
"test";4;"mixed2";"Ind8";"Ind9";1;6
"test";4;"mixed2";"Ind8";"Ind12";1;6
"test";4;"mixed2";"Ind8";"Ind12";1;6
"test";4;"mixed2";"Ind8";"Ind9";1;6
"test";4;"mixed2";"Ind8";"Ind7";1;6
"test";4;"mixed2";"Ind8";"Ind11";1;6
"test";4;"mixed2";"Ind8";"Ind9";1;6
"test";4;"mixed2";"Ind8";"Ind9";1;6
"test";4;"mixed2";"Ind8";"Ind9";1;6
"test";4;"mixed2";"Ind8";"Ind11";1;6
"test";4;"mixed2";"Ind8";"Ind7";1;6
"test";4;"mixed2";"Ind8";"Ind11";1;6
"test";4;"mixed2";"Ind8";"Ind11";1;6
"test";4;"mixed2";"Ind8";"Ind9";1;6
"test";4;"mixed2";"Ind8";"Ind7";1;6
"test";4;"mixed2";"Ind8";"Ind11";1;6
"test";4;"mixed2";"Ind8";"Ind9";1;6
"test";4;"mixed2";"Ind8";"Ind7";1;6
"test";4;"mixed2";"Ind8";"Ind7";1;6
"test";4;"mixed2";"Ind8";"Ind9";1;6
"test";4;"mixed2";"Ind11";"Ind12";1;6
"test";4;"mixed2";"Ind8";"Ind11";1;6
"test";4;"mixed2";"Ind7";"Ind9";1;6
"test";4;"mixed2";"Ind8";"Ind9";1;6
"test";4;"mixed2";"Ind8";"Ind10";1;6
"test";4;"mixed2";"Ind8";"Ind11";1;6
"test";4;"mixed2";"Ind7";"Ind9";1;6
"test";4;"mixed2";"Ind8";"Ind7";1;6
"test";4;"mixed2";"Ind8";"Ind9";1;6
"test";4;"mixed2";"Ind8";"Ind12";1;6
"test";5;"mixed2";"Ind11";"Ind10";1;5
"test";5;"mixed2";"Ind8";"Ind11";1;5
"test";5;"mixed2";"Ind8";"Ind9";1;5
"test";5;"mixed2";"Ind8";"Ind11";1;5
"test";5;"mixed2";"Ind8";"Ind11";1;5
"test";5;"mixed2";"Ind8";"Ind9";1;5
"test";5;"mixed2";"Ind8";"Ind9";1;5
"test";5;"mixed2";"Ind8";"Ind9";1;5
"test";5;"mixed2";"Ind8";"Ind7";1;5
"test";5;"mixed2";"Ind7";"Ind10";1;5
"test";5;"mixed2";"Ind8";"Ind11";1;5
"test";5;"mixed2";"Ind8";"Ind11";1;5
"test";5;"mixed2";"Ind8";"Ind11";1;5
"test";5;"mixed2";"Ind8";"Ind10";1;5
"test";5;"mixed2";"Ind8";"Ind11";1;5
"test";5;"mixed2";"Ind8";"Ind7";1;5
"test";5;"mixed2";"Ind8";"Ind12";1;5
"test";5;"mixed2";"Ind8";"Ind11";1;5
"test";5;"mixed2";"Ind8";"Ind11";1;5
"test";5;"mixed2";"Ind8";"Ind7";1;5
"test";5;"mixed2";"Ind8";"Ind11";1;5
"test";5;"mixed2";"Ind8";"Ind7";1;5
"test";5;"mixed2";"Ind8";"Ind11";1;5
"test";5;"mixed2";"Ind8";"Ind7";1;5
"test";5;"mixed2";"Ind8";"Ind10";1;5
"test";5;"mixed2";"Ind8";"Ind7";1;5
"test";5;"mixed2";"Ind8";"Ind9";1;5
"test";5;"mixed2";"Ind8";"Ind7";1;5
"test";5;"mixed2";"Ind8";"Ind9";1;5
"test";5;"mixed2";"Ind8";"Ind9";1;5
"test";5;"mixed2";"Ind8";"Ind9";1;5
"test";5;"mixed2";"Ind8";"Ind7";1;5
"test";5;"mixed2";"Ind8";"Ind9";1;5
"test";5;"mixed2";"Ind8";"Ind10";1;5
"test";5;"mixed2";"Ind8";"Ind11";1;5
"test";5;"mixed2";"Ind11";"Ind10";1;5
"test";5;"mixed2";"Ind8";"Ind9";1;5
"test";5;"mixed2";"Ind8";"Ind12";1;5
"test";5;"mixed2";"Ind8";"Ind7";1;5
"test";5;"mixed2";"Ind8";"Ind7";1;5
"test";6;"mixed2";"Ind11";"Ind12";1;4
"test";6;"mixed2";"Ind11";"Ind10";1;4
"test";6;"mixed2";"Ind11";"Ind10";1;4
"test";6;"mixed2";"Ind11";"Ind10";1;4
"test";6;"mixed2";"Ind8";"Ind12";1;4
"test";6;"mixed2";"Ind11";"Ind7";1;4
"test";6;"mixed2";"Ind8";"Ind7";1;4
"test";6;"mixed2";"Ind11";"Ind7";1;4
"test";6;"mixed2";"Ind11";"Ind7";1;4
"test";6;"mixed2";"Ind11";"Ind10";1;4
"test";6;"mixed2";"Ind11";"Ind9";1;4
"test";6;"mixed2";"Ind11";"Ind10";1;4
"test";6;"mixed2";"Ind8";"Ind7";1;4
"test";6;"mixed2";"Ind8";"Ind7";1;4
"test";6;"mixed2";"Ind8";"Ind7";1;4
"test";6;"mixed2";"Ind8";"Ind7";1;4
"test";6;"mixed2";"Ind8";"Ind9";1;4
"test";6;"mixed2";"Ind8";"Ind7";1;4
"test";6;"mixed2";"Ind8";"Ind7";1;4
"test";6;"mixed2";"Ind8";"Ind11";1;4
"test";6;"mixed2";"Ind8";"Ind7";1;4
"test";6;"mixed2";"Ind8";"Ind9";1;4
"test";6;"mixed2";"Ind8";"Ind9";1;4
"test";6;"mixed2";"Ind11";"Ind9";1;4
"test";6;"mixed2";"Ind7";"Ind8";1;4
"test";6;"mixed2";"Ind8";"Ind11";1;4
"test";6;"mixed2";"Ind8";"Ind11";1;4
"test";6;"mixed2";"Ind8";"Ind11";1;4
"test";6;"mixed2";"Ind8";"Ind9";1;4
"test";6;"mixed2";"Ind8";"Ind7";1;4
"test";6;"mixed2";"Ind8";"Ind9";1;4
"test";6;"mixed2";"Ind8";"Ind9";1;4
"test";6;"mixed2";"Ind8";"Ind9";1;4
"test";6;"mixed2";"Ind8";"Ind9";1;4
"test";6;"mixed2";"Ind8";"Ind11";1;4
"test";6;"mixed2";"Ind11";"Ind12";1;4
"test";6;"mixed2";"Ind8";"Ind12";1;4
"test";6;"mixed2";"Ind8";"Ind11";1;4
"test";6;"mixed2";"Ind8";"Ind11";1;4
"test";6;"mixed2";"Ind8";"Ind12";1;4
"test";6;"mixed2";"Ind8";"Ind12";1;4
"test";6;"mixed2";"Ind8";"Ind7";1;4
"test";6;"mixed2";"Ind8";"Ind12";1;4
"test";6;"mixed2";"Ind11";"Ind12";1;4
"test";6;"mixed2";"Ind8";"Ind7";1;4
"test";6;"mixed2";"Ind8";"Ind9";1;4
"test";6;"mixed2";"Ind8";"Ind10";1;4
"test";6;"mixed2";"Ind8";"Ind9";1;4
"test";6;"mixed2";"Ind8";"Ind9";1;4
"test";6;"mixed2";"Ind10";"Ind12";1;4
"test";6;"mixed2";"Ind8";"Ind7";1;4
"test";6;"mixed2";"Ind8";"Ind7";1;4
"test";6;"mixed2";"Ind7";"Ind12";1;4
"test";7;"mixed2";"Ind11";"Ind10";1;3
"test";7;"mixed2";"Ind8";"Ind9";1;3
"test";7;"mixed2";"Ind8";"Ind7";1;3
"test";7;"mixed2";"Ind8";"Ind10";1;3
"test";7;"mixed2";"Ind8";"Ind11";1;3
"test";7;"mixed2";"Ind8";"Ind11";1;3
"test";7;"mixed2";"Ind8";"Ind10";1;3
"test";7;"mixed2";"Ind11";"Ind10";1;3
"test";7;"mixed2";"Ind8";"Ind12";1;3
"test";7;"mixed2";"Ind8";"Ind10";1;3
"test";7;"mixed2";"Ind8";"Ind11";1;3
"test";7;"mixed2";"Ind8";"Ind7";1;3
"test";7;"mixed2";"Ind8";"Ind12";1;3
"test";7;"mixed2";"Ind8";"Ind9";1;3
"test";7;"mixed2";"Ind8";"Ind7";1;3
"test";7;"mixed2";"Ind8";"Ind9";1;3
"test";7;"mixed2";"Ind8";"Ind11";1;3
"test";7;"mixed2";"Ind8";"Ind9";1;3
"test";7;"mixed2";"Ind8";"Ind9";1;3
"test";7;"mixed2";"Ind8";"Ind9";1;3
"test";7;"mixed2";"Ind8";"Ind9";1;3
"test";7;"mixed2";"Ind8";"Ind11";1;3
"test";7;"mixed2";"Ind8";"Ind7";1;3
"test";7;"mixed2";"Ind8";"Ind7";1;3
"test";7;"mixed2";"Ind8";"Ind9";1;3
"test";7;"mixed2";"Ind8";"Ind10";1;3
"test";7;"mixed2";"Ind11";"Ind10";1;3
"test";7;"mixed2";"Ind8";"Ind9";1;3
"test";7;"mixed2";"Ind8";"Ind12";1;3
"test";7;"mixed2";"Ind8";"Ind11";1;3
"test";7;"mixed2";"Ind8";"Ind10";1;3
"test";7;"mixed2";"Ind8";"Ind12";1;3
"test";7;"mixed2";"Ind9";"Ind11";1;3
"test";8;"mixed2";"Ind11";"Ind7";1;2
"test";8;"mixed2";"Ind8";"Ind12";1;2
"test";8;"mixed2";"Ind8";"Ind12";1;2
"test";8;"mixed2";"Ind8";"Ind10";1;2
"test";8;"mixed2";"Ind8";"Ind10";1;2
"test";8;"mixed2";"Ind8";"Ind11";1;2
"test";8;"mixed2";"Ind8";"Ind9";1;2
"test";8;"mixed2";"Ind11";"Ind7";1;2
"test";8;"mixed2";"Ind11";"Ind10";1;2
"test";8;"mixed2";"Ind11";"Ind10";1;2
"test";8;"mixed2";"Ind8";"Ind11";1;2
"test";8;"mixed2";"Ind8";"Ind12";1;2
"test";8;"mixed2";"Ind11";"Ind10";1;2
"test";8;"mixed2";"Ind11";"Ind10";1;2
"test";8;"mixed2";"Ind11";"Ind8";1;2
"test";8;"mixed2";"Ind8";"Ind11";1;2
"test";8;"mixed2";"Ind8";"Ind9";1;2
"test";8;"mixed2";"Ind8";"Ind9";1;2
"test";8;"mixed2";"Ind9";"Ind7";1;2
"test";8;"mixed2";"Ind8";"Ind9";1;2
"test";8;"mixed2";"Ind8";"Ind10";1;2
"test";8;"mixed2";"Ind8";"Ind12";1;2
"test";8;"mixed2";"Ind8";"Ind10";1;2
"test";8;"mixed2";"Ind11";"Ind10";1;2
"test";8;"mixed2";"Ind11";"Ind12";1;2
"test";8;"mixed2";"Ind7";"Ind10";1;2
"test";8;"mixed2";"Ind8";"Ind7";1;2
"test";8;"mixed2";"Ind8";"Ind7";1;2
"test";8;"mixed2";"Ind8";"Ind7";1;2
"test";8;"mixed2";"Ind8";"Ind10";1;2
"test";8;"mixed2";"Ind11";"Ind10";1;2
"test";8;"mixed2";"Ind8";"Ind7";1;2
"test";8;"mixed2";"Ind8";"Ind12";1;2
"test";8;"mixed2";"Ind11";"Ind7";1;2
"test";8;"mixed2";"Ind8";"Ind10";1;2
"test";8;"mixed2";"Ind8";"Ind12";1;2
"test";8;"mixed2";"Ind8";"Ind12";1;2
"test";8;"mixed2";"Ind8";"Ind9";1;2
"test";8;"mixed2";"Ind8";"Ind7";1;2
"test";8;"mixed2";"Ind8";"Ind7";1;2
"test";8;"mixed2";"Ind8";"Ind10";1;2
"test";8;"mixed2";"Ind8";"Ind10";1;2
"test";8;"mixed2";"Ind11";"Ind10";1;2
"test";8;"mixed2";"Ind8";"Ind11";1;2
"test";8;"mixed2";"Ind8";"Ind12";1;2
"test";8;"mixed2";"Ind8";"Ind11";1;2
"test";8;"mixed2";"Ind8";"Ind11";1;2
"test";8;"mixed2";"Ind8";"Ind11";1;2
"test";8;"mixed2";"Ind8";"Ind9";1;2
"test";8;"mixed2";"Ind11";"Ind9";1;2
"test";8;"mixed2";"Ind7";"Ind9";1;2
"test";8;"mixed2";"Ind8";"Ind7";1;2
"test";8;"mixed2";"Ind8";"Ind11";1;2
"test";8;"mixed2";"Ind8";"Ind11";1;2
"test";8;"mixed2";"Ind8";"Ind9";1;2
"test";8;"mixed2";"Ind8";"Ind9";1;2
"test";8;"mixed2";"Ind8";"Ind12";1;2
"test";8;"mixed2";"Ind7";"Ind9";1;2
"test";8;"mixed2";"Ind11";"Ind7";1;2
"test";8;"mixed2";"Ind10";"Ind9";1;2
"test";8;"mixed2";"Ind7";"Ind12";1;2
"test";8;"mixed2";"Ind7";"Ind9";1;2
"test";8;"mixed2";"Ind7";"Ind9";1;2
"test";8;"mixed2";"Ind8";"Ind7";1;2
"test";8;"mixed2";"Ind8";"Ind11";1;2
"test";8;"mixed2";"Ind8";"Ind7";1;2
"test";8;"mixed2";"Ind11";"Ind10";1;2
"test";9;"mixed2";"Ind11";"Ind12";1;1
"test";9;"mixed2";"Ind8";"Ind11";1;1
"test";9;"mixed2";"Ind8";"Ind10";1;1
"test";9;"mixed2";"Ind8";"Ind10";1;1
"test";9;"mixed2";"Ind11";"Ind12";1;1
"test";9;"mixed2";"Ind11";"Ind12";1;1
"test";9;"mixed2";"Ind8";"Ind11";1;1
"test";9;"mixed2";"Ind8";"Ind11";1;1
"test";9;"mixed2";"Ind8";"Ind10";1;1
"test";9;"mixed2";"Ind8";"Ind9";1;1
"test";9;"mixed2";"Ind8";"Ind9";1;1
"test";9;"mixed2";"Ind8";"Ind9";1;1
"test";9;"mixed2";"Ind8";"Ind7";1;1
"test";9;"mixed2";"Ind8";"Ind11";1;1
"test";9;"mixed2";"Ind8";"Ind9";1;1
"test";9;"mixed2";"Ind8";"Ind11";1;1
"test";9;"mixed2";"Ind8";"Ind12";1;1
"test";9;"mixed2";"Ind8";"Ind9";1;1
"test";9;"mixed2";"Ind8";"Ind9";1;1
"test";9;"mixed2";"Ind8";"Ind11";1;1
"test";9;"mixed2";"Ind8";"Ind9";1;1
"test";9;"mixed2";"Ind8";"Ind7";1;1
"test";9;"mixed2";"Ind11";"Ind12";1;1
"test";9;"mixed2";"Ind8";"Ind11";1;1
"test";9;"mixed2";"Ind8";"Ind11";1;1
"test";9;"mixed2";"Ind8";"Ind9";1;1
"test";9;"mixed2";"Ind8";"Ind9";1;1
"test";9;"mixed2";"Ind8";"Ind9";1;1
"test";9;"mixed2";"Ind8";"Ind9";1;1
"test";9;"mixed2";"Ind8";"Ind12";1;1
"test";9;"mixed2";"Ind8";"Ind11";1;1
"test";9;"mixed2";"Ind8";"Ind10";1;1
"test";9;"mixed2";"Ind11";"Ind12";1;1
"test";9;"mixed2";"Ind8";"Ind11";1;1
"test";9;"mixed2";"Ind8";"Ind9";1;1
"test";9;"mixed2";"Ind8";"Ind9";1;1
"test";9;"mixed2";"Ind11";"Ind12";1;1
"test";9;"mixed2";"Ind11";"Ind10";1;1
"test";9;"mixed2";"Ind8";"Ind7";1;1
"test";9;"mixed2";"Ind8";"Ind12";1;1
"test";9;"mixed2";"Ind8";"Ind9";1;1
"test";9;"mixed2";"Ind8";"Ind9";1;1
"test";9;"mixed2";"Ind8";"Ind12";1;1
"test";9;"mixed2";"Ind8";"Ind9";1;1
"test";9;"mixed2";"Ind8";"Ind11";1;1
"test";9;"mixed2";"Ind8";"Ind7";1;1
"test";9;"mixed2";"Ind8";"Ind12";1;1
"test";9;"mixed2";"Ind8";"Ind9";1;1
"test";9;"mixed2";"Ind11";"Ind9";1;1
"test";9;"mixed2";"Ind8";"Ind9";1;1
"test";9;"mixed2";"Ind7";"Ind10";1;1
"test";9;"mixed2";"Ind8";"Ind11";1;1
"test";9;"mixed2";"Ind11";"Ind10";1;1
"test";9;"mixed2";"Ind8";"Ind9";1;1
"test";9;"mixed2";"Ind8";"Ind11";1;1
"test";9;"mixed2";"Ind7";"Ind9";1;1
"test";9;"mixed2";"Ind8";"Ind7";1;1
"test";9;"mixed2";"Ind8";"Ind9";1;1
"train";0;"mixed3";"Ind17";"Ind15";1;NA
"train";0;"mixed3";"Ind17";"Ind15";1;NA
"train";0;"mixed3";"Ind17";"Ind15";1;NA
"train";0;"mixed3";"Ind17";"Ind15";1;NA
"train";0;"mixed3";"Ind17";"Ind15";1;NA
"train";0;"mixed3";"Ind18";"Ind18";1;NA
"train";0;"mixed3";"Ind18";"Ind18";1;NA
"train";0;"mixed3";"Ind18";"Ind17";1;NA
"train";0;"mixed3";"Ind18";"Ind18";1;NA
"test";1;"mixed3";"Ind13";"Ind15";1;9
"test";1;"mixed3";"Ind13";"Ind18";1;9
"test";1;"mixed3";"Ind13";"Ind14";1;9
"test";1;"mixed3";"Ind14";"Ind18";1;9
"test";1;"mixed3";"Ind13";"Ind15";1;9
"test";2;"mixed3";"Ind15";"Ind18";1;8
"test";3;"mixed3";"Ind16";"Ind13";1;7
"test";3;"mixed3";"Ind16";"Ind18";1;7
"test";3;"mixed3";"Ind16";"Ind17";1;7
"test";3;"mixed3";"Ind14";"Ind15";1;7
"test";3;"mixed3";"Ind14";"Ind18";1;7
"test";3;"mixed3";"Ind14";"Ind17";1;7
"test";3;"mixed3";"Ind14";"Ind15";1;7
"test";3;"mixed3";"Ind14";"Ind13";1;7
"test";3;"mixed3";"Ind14";"Ind13";1;7
"test";3;"mixed3";"Ind14";"Ind18";1;7
"test";3;"mixed3";"Ind14";"Ind15";1;7
"test";3;"mixed3";"Ind14";"Ind17";1;7
"test";3;"mixed3";"Ind14";"Ind15";1;7
"test";3;"mixed3";"Ind14";"Ind15";1;7
"test";3;"mixed3";"Ind14";"Ind16";1;7
"test";3;"mixed3";"Ind14";"Ind15";1;7
"test";3;"mixed3";"Ind14";"Ind15";1;7
"test";3;"mixed3";"Ind14";"Ind13";1;7
"test";3;"mixed3";"Ind14";"Ind15";1;7
"test";3;"mixed3";"Ind14";"Ind18";1;7
"test";3;"mixed3";"Ind14";"Ind15";1;7
"test";3;"mixed3";"Ind14";"Ind15";1;7
"test";3;"mixed3";"Ind14";"Ind15";1;7
"test";3;"mixed3";"Ind16";"Ind18";1;7
"test";3;"mixed3";"Ind16";"Ind18";1;7
"test";3;"mixed3";"Ind14";"Ind15";1;7
"test";3;"mixed3";"Ind14";"Ind18";1;7
"test";3;"mixed3";"Ind16";"Ind17";1;7
"test";3;"mixed3";"Ind16";"Ind17";1;7
"test";3;"mixed3";"Ind14";"Ind18";1;7
"test";3;"mixed3";"Ind14";"Ind15";1;7
"test";3;"mixed3";"Ind14";"Ind15";1;7
"test";3;"mixed3";"Ind16";"Ind13";1;7
"test";3;"mixed3";"Ind16";"Ind13";1;7
"test";3;"mixed3";"Ind14";"Ind18";1;7
"test";3;"mixed3";"Ind14";"Ind15";1;7
"test";3;"mixed3";"Ind14";"Ind18";1;7
"test";3;"mixed3";"Ind14";"Ind13";1;7
"test";3;"mixed3";"Ind16";"Ind15";1;7
"test";3;"mixed3";"Ind14";"Ind13";1;7
"test";3;"mixed3";"Ind16";"Ind18";1;7
"test";3;"mixed3";"Ind16";"Ind13";1;7
"test";3;"mixed3";"Ind14";"Ind15";1;7
"test";3;"mixed3";"Ind14";"Ind13";1;7
"test";3;"mixed3";"Ind14";"Ind15";1;7
"test";3;"mixed3";"Ind16";"Ind13";1;7
"test";3;"mixed3";"Ind14";"Ind15";1;7
"test";3;"mixed3";"Ind14";"Ind15";1;7
"test";3;"mixed3";"Ind16";"Ind17";1;7
"test";3;"mixed3";"Ind16";"Ind13";1;7
"test";3;"mixed3";"Ind16";"Ind15";1;7
"test";3;"mixed3";"Ind16";"Ind13";1;7
"test";3;"mixed3";"Ind14";"Ind13";1;7
"test";3;"mixed3";"Ind14";"Ind13";1;7
"test";3;"mixed3";"Ind14";"Ind18";1;7
"test";3;"mixed3";"Ind14";"Ind13";1;7
"test";3;"mixed3";"Ind16";"Ind17";1;7
"test";3;"mixed3";"Ind14";"Ind15";1;7
"test";3;"mixed3";"Ind14";"Ind15";1;7
"test";3;"mixed3";"Ind14";"Ind18";1;7
"test";3;"mixed3";"Ind16";"Ind13";1;7
"test";3;"mixed3";"Ind16";"Ind13";1;7
"test";3;"mixed3";"Ind13";"Ind18";1;7
"test";3;"mixed3";"Ind18";"Ind15";1;7
"test";3;"mixed3";"Ind16";"Ind15";1;7
"test";3;"mixed3";"Ind16";"Ind13";1;7
"test";4;"mixed3";"Ind16";"Ind18";1;6
"test";4;"mixed3";"Ind16";"Ind13";1;6
"test";4;"mixed3";"Ind16";"Ind13";1;6
"test";4;"mixed3";"Ind16";"Ind13";1;6
"test";4;"mixed3";"Ind16";"Ind15";1;6
"test";4;"mixed3";"Ind16";"Ind18";1;6
"test";4;"mixed3";"Ind16";"Ind13";1;6
"test";4;"mixed3";"Ind16";"Ind17";1;6
"test";4;"mixed3";"Ind16";"Ind18";1;6
"test";4;"mixed3";"Ind16";"Ind13";1;6
"test";4;"mixed3";"Ind16";"Ind15";1;6
"test";4;"mixed3";"Ind16";"Ind13";1;6
"test";4;"mixed3";"Ind16";"Ind17";1;6
"test";4;"mixed3";"Ind16";"Ind13";1;6
"test";4;"mixed3";"Ind16";"Ind13";1;6
"test";4;"mixed3";"Ind16";"Ind13";1;6
"test";4;"mixed3";"Ind16";"Ind15";1;6
"test";4;"mixed3";"Ind16";"Ind13";1;6
"test";4;"mixed3";"Ind16";"Ind13";1;6
"test";4;"mixed3";"Ind14";"Ind15";1;6
"test";4;"mixed3";"Ind14";"Ind15";1;6
"test";4;"mixed3";"Ind14";"Ind15";1;6
"test";4;"mixed3";"Ind14";"Ind17";1;6
"test";4;"mixed3";"Ind14";"Ind15";1;6
"test";4;"mixed3";"Ind14";"Ind15";1;6
"test";4;"mixed3";"Ind14";"Ind17";1;6
"test";4;"mixed3";"Ind14";"Ind13";1;6
"test";4;"mixed3";"Ind14";"Ind13";1;6
"test";4;"mixed3";"Ind14";"Ind15";1;6
"test";4;"mixed3";"Ind14";"Ind17";1;6
"test";4;"mixed3";"Ind14";"Ind13";1;6
"test";4;"mixed3";"Ind14";"Ind13";1;6
"test";4;"mixed3";"Ind14";"Ind15";1;6
"test";4;"mixed3";"Ind14";"Ind15";1;6
"test";4;"mixed3";"Ind14";"Ind15";1;6
"test";4;"mixed3";"Ind14";"Ind13";1;6
"test";4;"mixed3";"Ind14";"Ind17";1;6
"test";4;"mixed3";"Ind14";"Ind13";1;6
"test";4;"mixed3";"Ind14";"Ind13";1;6
"test";4;"mixed3";"Ind14";"Ind13";1;6
"test";4;"mixed3";"Ind14";"Ind13";1;6
"test";4;"mixed3";"Ind14";"Ind13";1;6
"test";4;"mixed3";"Ind14";"Ind13";1;6
"test";4;"mixed3";"Ind14";"Ind13";1;6
"test";4;"mixed3";"Ind14";"Ind13";1;6
"test";4;"mixed3";"Ind14";"Ind17";1;6
"test";4;"mixed3";"Ind14";"Ind13";1;6
"test";4;"mixed3";"Ind14";"Ind18";1;6
"test";4;"mixed3";"Ind14";"Ind13";1;6
"test";4;"mixed3";"Ind14";"Ind18";1;6
"test";4;"mixed3";"Ind14";"Ind13";1;6
"test";4;"mixed3";"Ind14";"Ind13";1;6
"test";4;"mixed3";"Ind14";"Ind15";1;6
"test";4;"mixed3";"Ind14";"Ind15";1;6
"test";4;"mixed3";"Ind14";"Ind17";1;6
"test";4;"mixed3";"Ind14";"Ind13";1;6
"test";4;"mixed3";"Ind14";"Ind13";1;6
"test";4;"mixed3";"Ind14";"Ind13";1;6
"test";4;"mixed3";"Ind14";"Ind15";1;6
"test";4;"mixed3";"Ind14";"Ind15";1;6
"test";4;"mixed3";"Ind18";"Ind15";1;6
"test";4;"mixed3";"Ind16";"Ind15";1;6
"test";4;"mixed3";"Ind14";"Ind16";1;6
"test";4;"mixed3";"Ind16";"Ind13";1;6
"test";5;"mixed3";"Ind14";"Ind15";1;5
"test";5;"mixed3";"Ind13";"Ind15";1;5
"test";5;"mixed3";"Ind13";"Ind16";1;5
"test";5;"mixed3";"Ind14";"Ind15";1;5
"test";5;"mixed3";"Ind14";"Ind13";1;5
"test";5;"mixed3";"Ind13";"Ind15";1;5
"test";5;"mixed3";"Ind14";"Ind15";1;5
"test";5;"mixed3";"Ind14";"Ind13";1;5
"test";5;"mixed3";"Ind13";"Ind15";1;5
"test";5;"mixed3";"Ind14";"Ind15";1;5
"test";5;"mixed3";"Ind13";"Ind17";1;5
"test";5;"mixed3";"Ind13";"Ind16";1;5
"test";5;"mixed3";"Ind14";"Ind15";1;5
"test";5;"mixed3";"Ind14";"Ind15";1;5
"test";5;"mixed3";"Ind18";"Ind16";1;5
"test";5;"mixed3";"Ind13";"Ind16";1;5
"test";5;"mixed3";"Ind14";"Ind13";1;5
"test";5;"mixed3";"Ind14";"Ind18";1;5
"test";5;"mixed3";"Ind13";"Ind17";1;5
"test";5;"mixed3";"Ind13";"Ind16";1;5
"test";5;"mixed3";"Ind13";"Ind15";1;5
"test";5;"mixed3";"Ind13";"Ind15";1;5
"test";5;"mixed3";"Ind14";"Ind18";1;5
"test";5;"mixed3";"Ind13";"Ind14";1;5
"test";5;"mixed3";"Ind13";"Ind16";1;5
"test";5;"mixed3";"Ind13";"Ind16";1;5
"test";5;"mixed3";"Ind14";"Ind16";1;5
"test";5;"mixed3";"Ind14";"Ind13";1;5
"test";5;"mixed3";"Ind13";"Ind18";1;5
"test";5;"mixed3";"Ind14";"Ind18";1;5
"test";5;"mixed3";"Ind13";"Ind17";1;5
"test";5;"mixed3";"Ind14";"Ind13";1;5
"test";5;"mixed3";"Ind13";"Ind16";1;5
"test";5;"mixed3";"Ind16";"Ind15";1;5
"test";5;"mixed3";"Ind16";"Ind13";1;5
"test";5;"mixed3";"Ind16";"Ind13";1;5
"test";5;"mixed3";"Ind16";"Ind18";1;5
"test";5;"mixed3";"Ind16";"Ind15";1;5
"test";5;"mixed3";"Ind16";"Ind13";1;5
"test";5;"mixed3";"Ind16";"Ind15";1;5
"test";6;"mixed3";"Ind14";"Ind15";1;4
"test";6;"mixed3";"Ind14";"Ind13";1;4
"test";6;"mixed3";"Ind14";"Ind16";1;4
"test";6;"mixed3";"Ind14";"Ind13";1;4
"test";6;"mixed3";"Ind14";"Ind15";1;4
"test";6;"mixed3";"Ind14";"Ind13";1;4
"test";6;"mixed3";"Ind14";"Ind13";1;4
"test";6;"mixed3";"Ind14";"Ind16";1;4
"test";6;"mixed3";"Ind14";"Ind13";1;4
"test";6;"mixed3";"Ind16";"Ind15";1;4
"test";6;"mixed3";"Ind16";"Ind13";1;4
"test";6;"mixed3";"Ind14";"Ind17";1;4
"test";6;"mixed3";"Ind16";"Ind18";1;4
"test";6;"mixed3";"Ind16";"Ind13";1;4
"test";6;"mixed3";"Ind16";"Ind15";1;4
"test";6;"mixed3";"Ind16";"Ind13";1;4
"test";6;"mixed3";"Ind16";"Ind14";1;4
"test";6;"mixed3";"Ind16";"Ind13";1;4
"test";6;"mixed3";"Ind16";"Ind13";1;4
"test";6;"mixed3";"Ind14";"Ind15";1;4
"test";6;"mixed3";"Ind16";"Ind18";1;4
"test";6;"mixed3";"Ind16";"Ind18";1;4
"test";6;"mixed3";"Ind16";"Ind15";1;4
"test";6;"mixed3";"Ind16";"Ind18";1;4
"test";6;"mixed3";"Ind16";"Ind18";1;4
"test";6;"mixed3";"Ind16";"Ind14";1;4
"test";6;"mixed3";"Ind16";"Ind13";1;4
"test";6;"mixed3";"Ind16";"Ind15";1;4
"test";7;"mixed3";"Ind16";"Ind15";1;3
"test";7;"mixed3";"Ind16";"Ind15";1;3
"test";7;"mixed3";"Ind16";"Ind15";1;3
"test";7;"mixed3";"Ind15";"Ind17";1;3
"test";7;"mixed3";"Ind16";"Ind13";1;3
"test";7;"mixed3";"Ind16";"Ind13";1;3
"test";7;"mixed3";"Ind16";"Ind15";1;3
"test";7;"mixed3";"Ind16";"Ind15";1;3
"test";7;"mixed3";"Ind16";"Ind13";1;3
"test";7;"mixed3";"Ind16";"Ind15";1;3
"test";7;"mixed3";"Ind16";"Ind13";1;3
"test";7;"mixed3";"Ind16";"Ind13";1;3
"test";7;"mixed3";"Ind16";"Ind15";1;3
"test";7;"mixed3";"Ind16";"Ind13";1;3
"test";7;"mixed3";"Ind16";"Ind17";1;3
"test";7;"mixed3";"Ind16";"Ind15";1;3
"test";7;"mixed3";"Ind16";"Ind14";1;3
"test";7;"mixed3";"Ind16";"Ind13";1;3
"test";7;"mixed3";"Ind16";"Ind14";1;3
"test";7;"mixed3";"Ind16";"Ind13";1;3
"test";8;"mixed3";"Ind14";"Ind15";1;2
"test";8;"mixed3";"Ind14";"Ind13";1;2
"test";8;"mixed3";"Ind14";"Ind15";1;2
"test";8;"mixed3";"Ind14";"Ind13";1;2
"test";8;"mixed3";"Ind14";"Ind13";1;2
"test";8;"mixed3";"Ind14";"Ind13";1;2
"test";8;"mixed3";"Ind14";"Ind15";1;2
"test";8;"mixed3";"Ind14";"Ind15";1;2
"test";8;"mixed3";"Ind14";"Ind15";1;2
"test";8;"mixed3";"Ind14";"Ind13";1;2
"test";8;"mixed3";"Ind14";"Ind13";1;2
"test";8;"mixed3";"Ind14";"Ind13";1;2
"test";8;"mixed3";"Ind14";"Ind13";1;2
"test";8;"mixed3";"Ind14";"Ind15";1;2
"test";8;"mixed3";"Ind18";"Ind16";1;2
"test";8;"mixed3";"Ind14";"Ind15";1;2
"test";8;"mixed3";"Ind14";"Ind13";1;2
"test";8;"mixed3";"Ind14";"Ind15";1;2
"test";8;"mixed3";"Ind14";"Ind15";1;2
"test";8;"mixed3";"Ind14";"Ind13";1;2
"test";8;"mixed3";"Ind14";"Ind18";1;2
"test";8;"mixed3";"Ind14";"Ind13";1;2
"test";8;"mixed3";"Ind14";"Ind13";1;2
"test";8;"mixed3";"Ind14";"Ind15";1;2
"test";8;"mixed3";"Ind14";"Ind13";1;2
"test";8;"mixed3";"Ind16";"Ind13";1;2
"test";8;"mixed3";"Ind14";"Ind13";1;2
"test";8;"mixed3";"Ind14";"Ind17";1;2
"test";8;"mixed3";"Ind14";"Ind17";1;2
"test";8;"mixed3";"Ind14";"Ind16";1;2
"test";8;"mixed3";"Ind14";"Ind17";1;2
"test";8;"mixed3";"Ind14";"Ind13";1;2
"test";8;"mixed3";"Ind13";"Ind15";1;2
"test";8;"mixed3";"Ind14";"Ind13";1;2
"test";8;"mixed3";"Ind14";"Ind13";1;2
"test";8;"mixed3";"Ind14";"Ind17";1;2
"test";8;"mixed3";"Ind14";"Ind13";1;2
"test";8;"mixed3";"Ind14";"Ind17";1;2
"test";8;"mixed3";"Ind13";"Ind17";1;2
"test";8;"mixed3";"Ind14";"Ind13";1;2
"test";8;"mixed3";"Ind14";"Ind13";1;2
"test";8;"mixed3";"Ind14";"Ind15";1;2
"test";8;"mixed3";"Ind14";"Ind13";1;2
"test";8;"mixed3";"Ind14";"Ind15";1;2
"test";8;"mixed3";"Ind18";"Ind14";1;2
"test";8;"mixed3";"Ind13";"Ind18";1;2
"test";8;"mixed3";"Ind14";"Ind15";1;2
"test";9;"mixed3";"Ind14";"Ind13";1;1
"test";9;"mixed3";"Ind14";"Ind13";1;1
"test";9;"mixed3";"Ind14";"Ind18";1;1
"test";9;"mixed3";"Ind14";"Ind15";1;1
"test";9;"mixed3";"Ind14";"Ind13";1;1
"test";9;"mixed3";"Ind14";"Ind15";1;1
"test";9;"mixed3";"Ind14";"Ind13";1;1
"test";9;"mixed3";"Ind14";"Ind15";1;1
"test";9;"mixed3";"Ind14";"Ind15";1;1
"test";9;"mixed3";"Ind14";"Ind18";1;1
"test";9;"mixed3";"Ind14";"Ind15";1;1
"test";9;"mixed3";"Ind14";"Ind13";1;1
"test";9;"mixed3";"Ind14";"Ind13";1;1
"test";9;"mixed3";"Ind14";"Ind13";1;1
"test";9;"mixed3";"Ind15";"Ind13";1;1
"test";9;"mixed3";"Ind14";"Ind15";1;1
"test";9;"mixed3";"Ind14";"Ind15";1;1
"test";9;"mixed3";"Ind14";"Ind13";1;1
"test";9;"mixed3";"Ind14";"Ind15";1;1
"train";-2;"mixed4";"Ind20";"Ind23";1;NA
"train";-2;"mixed4";"Ind23";"Ind20";1;NA
"train";-2;"mixed4";"Ind23";"Ind20";1;NA
"train";-2;"mixed4";"Ind20";"Ind23";1;NA
"train";-2;"mixed4";"Ind20";"Ind23";1;NA
"train";-1;"mixed4";"Ind23";"Ind20";1;NA
"train";-1;"mixed4";"Ind21";"Ind24";1;NA
"train";-1;"mixed4";"Ind24";"Ind21";1;NA
"train";-1;"mixed4";"Ind21";"Ind20";1;NA
"train";-1;"mixed4";"Ind21";"Ind24";1;NA
"train";0;"mixed4";"Ind20";"Ind19";1;NA
"train";0;"mixed4";"Ind21";"Ind20";1;NA
"train";0;"mixed4";"Ind22";"Ind20";1;NA
"train";0;"mixed4";"Ind23";"Ind22";1;NA
"train";0;"mixed4";"Ind22";"Ind20";1;NA
"train";0;"mixed4";"Ind21";"Ind22";1;NA
"train";0;"mixed4";"Ind21";"Ind20";1;NA
"train";0;"mixed4";"Ind24";"Ind23";1;NA
"train";0;"mixed4";"Ind24";"Ind20";1;NA
"train";0;"mixed4";"Ind24";"Ind20";1;NA
"train";0;"mixed4";"Ind24";"Ind20";1;NA
"test";1;"mixed4";"Ind22";"Ind21";1;9
"test";1;"mixed4";"Ind22";"Ind21";1;9
"test";1;"mixed4";"Ind22";"Ind21";1;9
"test";1;"mixed4";"Ind21";"Ind20";1;9
"test";1;"mixed4";"Ind22";"Ind20";1;9
"test";1;"mixed4";"Ind22";"Ind20";1;9
"test";1;"mixed4";"Ind21";"Ind22";1;9
"test";1;"mixed4";"Ind22";"Ind20";1;9
"test";1;"mixed4";"Ind22";"Ind20";1;9
"test";1;"mixed4";"Ind22";"Ind19";1;9
"test";1;"mixed4";"Ind22";"Ind20";1;9
"test";1;"mixed4";"Ind22";"Ind19";1;9
"test";1;"mixed4";"Ind22";"Ind24";1;9
"test";1;"mixed4";"Ind22";"Ind21";1;9
"test";1;"mixed4";"Ind22";"Ind21";1;9
"test";1;"mixed4";"Ind22";"Ind21";1;9
"test";1;"mixed4";"Ind21";"Ind20";1;9
"test";1;"mixed4";"Ind22";"Ind23";1;9
"test";1;"mixed4";"Ind21";"Ind20";1;9
"test";1;"mixed4";"Ind22";"Ind23";1;9
"test";1;"mixed4";"Ind22";"Ind20";1;9
"test";1;"mixed4";"Ind21";"Ind24";1;9
"test";1;"mixed4";"Ind22";"Ind21";1;9
"test";1;"mixed4";"Ind21";"Ind19";1;9
"test";1;"mixed4";"Ind21";"Ind24";1;9
"test";1;"mixed4";"Ind24";"Ind21";1;9
"test";1;"mixed4";"Ind22";"Ind21";1;9
"test";1;"mixed4";"Ind22";"Ind19";1;9
"test";1;"mixed4";"Ind22";"Ind21";1;9
"test";1;"mixed4";"Ind22";"Ind24";1;9
"test";1;"mixed4";"Ind22";"Ind24";1;9
"test";1;"mixed4";"Ind21";"Ind23";1;9
"test";1;"mixed4";"Ind22";"Ind24";1;9
"test";1;"mixed4";"Ind22";"Ind20";1;9
"test";1;"mixed4";"Ind22";"Ind20";1;9
"test";1;"mixed4";"Ind21";"Ind22";1;9
"test";1;"mixed4";"Ind20";"Ind24";1;9
"test";1;"mixed4";"Ind21";"Ind20";1;9
"test";1;"mixed4";"Ind22";"Ind20";1;9
"test";1;"mixed4";"Ind22";"Ind20";1;9
"test";1;"mixed4";"Ind22";"Ind21";1;9
"test";1;"mixed4";"Ind22";"Ind24";1;9
"test";1;"mixed4";"Ind22";"Ind24";1;9
"test";1;"mixed4";"Ind22";"Ind21";1;9
"test";1;"mixed4";"Ind22";"Ind19";1;9
"test";1;"mixed4";"Ind22";"Ind21";1;9
"test";1;"mixed4";"Ind22";"Ind21";1;9
"test";1;"mixed4";"Ind23";"Ind22";1;9
"test";1;"mixed4";"Ind22";"Ind24";1;9
"test";1;"mixed4";"Ind22";"Ind23";1;9
"test";1;"mixed4";"Ind21";"Ind19";1;9
"test";1;"mixed4";"Ind22";"Ind21";1;9
"test";1;"mixed4";"Ind22";"Ind19";1;9
"test";1;"mixed4";"Ind19";"Ind23";1;9
"test";1;"mixed4";"Ind19";"Ind21";1;9
"test";1;"mixed4";"Ind22";"Ind21";1;9
"test";1;"mixed4";"Ind22";"Ind21";1;9
"test";1;"mixed4";"Ind22";"Ind21";1;9
"test";1;"mixed4";"Ind22";"Ind21";1;9
"test";1;"mixed4";"Ind21";"Ind24";1;9
"test";1;"mixed4";"Ind21";"Ind24";1;9
"test";2;"mixed4";"Ind22";"Ind21";1;8
"test";2;"mixed4";"Ind22";"Ind21";1;8
"test";2;"mixed4";"Ind22";"Ind20";1;8
"test";2;"mixed4";"Ind22";"Ind21";1;8
"test";2;"mixed4";"Ind22";"Ind20";1;8
"test";2;"mixed4";"Ind22";"Ind20";1;8
"test";2;"mixed4";"Ind22";"Ind20";1;8
"test";2;"mixed4";"Ind22";"Ind23";1;8
"test";2;"mixed4";"Ind22";"Ind20";1;8
"test";2;"mixed4";"Ind22";"Ind21";1;8
"test";2;"mixed4";"Ind22";"Ind20";1;8
"test";2;"mixed4";"Ind22";"Ind20";1;8
"test";2;"mixed4";"Ind22";"Ind21";1;8
"test";2;"mixed4";"Ind22";"Ind23";1;8
"test";2;"mixed4";"Ind22";"Ind21";1;8
"test";2;"mixed4";"Ind22";"Ind23";1;8
"test";2;"mixed4";"Ind22";"Ind20";1;8
"test";2;"mixed4";"Ind22";"Ind19";1;8
"test";2;"mixed4";"Ind22";"Ind20";1;8
"test";2;"mixed4";"Ind22";"Ind20";1;8
"test";2;"mixed4";"Ind22";"Ind20";1;8
"test";2;"mixed4";"Ind22";"Ind24";1;8
"test";2;"mixed4";"Ind22";"Ind19";1;8
"test";2;"mixed4";"Ind22";"Ind20";1;8
"test";2;"mixed4";"Ind22";"Ind20";1;8
"test";2;"mixed4";"Ind21";"Ind24";1;8
"test";2;"mixed4";"Ind22";"Ind19";1;8
"test";2;"mixed4";"Ind22";"Ind23";1;8
"test";2;"mixed4";"Ind22";"Ind23";1;8
"test";2;"mixed4";"Ind22";"Ind20";1;8
"test";2;"mixed4";"Ind22";"Ind19";1;8
"test";2;"mixed4";"Ind22";"Ind20";1;8
"test";2;"mixed4";"Ind22";"Ind20";1;8
"test";2;"mixed4";"Ind22";"Ind19";1;8
"test";2;"mixed4";"Ind22";"Ind23";1;8
"test";2;"mixed4";"Ind22";"Ind19";1;8
"test";2;"mixed4";"Ind22";"Ind20";1;8
"test";2;"mixed4";"Ind22";"Ind20";1;8
"test";2;"mixed4";"Ind22";"Ind24";1;8
"test";2;"mixed4";"Ind22";"Ind24";1;8
"test";2;"mixed4";"Ind22";"Ind19";1;8
"test";2;"mixed4";"Ind23";"Ind20";1;8
"test";2;"mixed4";"Ind22";"Ind20";1;8
"test";2;"mixed4";"Ind22";"Ind20";1;8
"test";2;"mixed4";"Ind22";"Ind19";1;8
"test";2;"mixed4";"Ind22";"Ind20";1;8
"test";2;"mixed4";"Ind19";"Ind23";1;8
"test";2;"mixed4";"Ind22";"Ind23";1;8
"test";2;"mixed4";"Ind22";"Ind24";1;8
"test";2;"mixed4";"Ind22";"Ind20";1;8
"test";2;"mixed4";"Ind22";"Ind19";1;8
"test";2;"mixed4";"Ind21";"Ind23";1;8
"test";2;"mixed4";"Ind22";"Ind24";1;8
"test";2;"mixed4";"Ind21";"Ind23";1;8
"test";2;"mixed4";"Ind22";"Ind21";1;8
"test";2;"mixed4";"Ind22";"Ind20";1;8
"test";2;"mixed4";"Ind22";"Ind24";1;8
"test";2;"mixed4";"Ind22";"Ind20";1;8
"test";2;"mixed4";"Ind22";"Ind23";1;8
"test";2;"mixed4";"Ind22";"Ind19";1;8
"test";2;"mixed4";"Ind22";"Ind21";1;8
"test";2;"mixed4";"Ind22";"Ind19";1;8
"test";2;"mixed4";"Ind22";"Ind19";1;8
"test";2;"mixed4";"Ind22";"Ind20";1;8
"test";2;"mixed4";"Ind22";"Ind21";1;8
"test";3;"mixed4";"Ind22";"Ind20";1;7
"test";3;"mixed4";"Ind22";"Ind20";1;7
"test";3;"mixed4";"Ind22";"Ind23";1;7
"test";3;"mixed4";"Ind22";"Ind23";1;7
"test";3;"mixed4";"Ind22";"Ind23";1;7
"test";3;"mixed4";"Ind22";"Ind23";1;7
"test";3;"mixed4";"Ind22";"Ind19";1;7
"test";3;"mixed4";"Ind22";"Ind19";1;7
"test";3;"mixed4";"Ind22";"Ind24";1;7
"test";3;"mixed4";"Ind22";"Ind20";1;7
"test";3;"mixed4";"Ind22";"Ind23";1;7
"test";3;"mixed4";"Ind22";"Ind23";1;7
"test";3;"mixed4";"Ind22";"Ind19";1;7
"test";3;"mixed4";"Ind22";"Ind24";1;7
"test";3;"mixed4";"Ind22";"Ind19";1;7
"test";3;"mixed4";"Ind22";"Ind19";1;7
"test";3;"mixed4";"Ind22";"Ind24";1;7
"test";3;"mixed4";"Ind22";"Ind21";1;7
"test";3;"mixed4";"Ind22";"Ind23";1;7
"test";3;"mixed4";"Ind21";"Ind22";1;7
"test";3;"mixed4";"Ind22";"Ind20";1;7
"test";3;"mixed4";"Ind22";"Ind20";1;7
"test";3;"mixed4";"Ind22";"Ind23";1;7
"test";3;"mixed4";"Ind19";"Ind21";1;7
"test";3;"mixed4";"Ind22";"Ind21";1;7
"test";3;"mixed4";"Ind22";"Ind23";1;7
"test";3;"mixed4";"Ind22";"Ind24";1;7
"test";3;"mixed4";"Ind22";"Ind21";1;7
"test";3;"mixed4";"Ind22";"Ind24";1;7
"test";3;"mixed4";"Ind22";"Ind20";1;7
"test";3;"mixed4";"Ind22";"Ind19";1;7
"test";3;"mixed4";"Ind22";"Ind20";1;7
"test";3;"mixed4";"Ind22";"Ind19";1;7
"test";3;"mixed4";"Ind22";"Ind20";1;7
"test";3;"mixed4";"Ind22";"Ind19";1;7
"test";3;"mixed4";"Ind22";"Ind19";1;7
"test";3;"mixed4";"Ind22";"Ind23";1;7
"test";3;"mixed4";"Ind22";"Ind19";1;7
"test";3;"mixed4";"Ind22";"Ind24";1;7
"test";3;"mixed4";"Ind22";"Ind20";1;7
"test";3;"mixed4";"Ind22";"Ind20";1;7
"test";3;"mixed4";"Ind22";"Ind19";1;7
"test";3;"mixed4";"Ind22";"Ind19";1;7
"test";3;"mixed4";"Ind22";"Ind23";1;7
"test";3;"mixed4";"Ind22";"Ind20";1;7
"test";3;"mixed4";"Ind22";"Ind24";1;7
"test";3;"mixed4";"Ind22";"Ind20";1;7
"test";3;"mixed4";"Ind22";"Ind24";1;7
"test";3;"mixed4";"Ind22";"Ind21";1;7
"test";3;"mixed4";"Ind22";"Ind24";1;7
"test";3;"mixed4";"Ind22";"Ind24";1;7
"test";3;"mixed4";"Ind22";"Ind21";1;7
"test";3;"mixed4";"Ind22";"Ind20";1;7
"test";3;"mixed4";"Ind22";"Ind21";1;7
"test";3;"mixed4";"Ind22";"Ind21";1;7
"test";3;"mixed4";"Ind22";"Ind20";1;7
"test";3;"mixed4";"Ind22";"Ind24";1;7
"test";3;"mixed4";"Ind22";"Ind21";1;7
"test";3;"mixed4";"Ind22";"Ind24";1;7
"test";3;"mixed4";"Ind22";"Ind24";1;7
"test";3;"mixed4";"Ind22";"Ind19";1;7
"test";3;"mixed4";"Ind22";"Ind19";1;7
"test";3;"mixed4";"Ind22";"Ind24";1;7
"test";3;"mixed4";"Ind22";"Ind20";1;7
"test";3;"mixed4";"Ind22";"Ind19";1;7
"test";3;"mixed4";"Ind22";"Ind21";1;7
"test";3;"mixed4";"Ind22";"Ind21";1;7
"test";3;"mixed4";"Ind22";"Ind19";1;7
"test";3;"mixed4";"Ind22";"Ind21";1;7
"test";3;"mixed4";"Ind22";"Ind21";1;7
"test";3;"mixed4";"Ind22";"Ind20";1;7
"test";3;"mixed4";"Ind22";"Ind20";1;7
"test";3;"mixed4";"Ind22";"Ind21";1;7
"test";3;"mixed4";"Ind21";"Ind19";1;7
"test";4;"mixed4";"Ind22";"Ind21";1;6
"test";4;"mixed4";"Ind22";"Ind19";1;6
"test";4;"mixed4";"Ind22";"Ind20";1;6
"test";4;"mixed4";"Ind22";"Ind20";1;6
"test";4;"mixed4";"Ind22";"Ind24";1;6
"test";4;"mixed4";"Ind22";"Ind20";1;6
"test";4;"mixed4";"Ind22";"Ind19";1;6
"test";4;"mixed4";"Ind22";"Ind21";1;6
"test";4;"mixed4";"Ind22";"Ind20";1;6
"test";4;"mixed4";"Ind22";"Ind20";1;6
"test";4;"mixed4";"Ind22";"Ind20";1;6
"test";4;"mixed4";"Ind22";"Ind23";1;6
"test";4;"mixed4";"Ind22";"Ind23";1;6
"test";4;"mixed4";"Ind22";"Ind20";1;6
"test";4;"mixed4";"Ind22";"Ind23";1;6
"test";4;"mixed4";"Ind23";"Ind21";1;6
"test";4;"mixed4";"Ind22";"Ind20";1;6
"test";4;"mixed4";"Ind22";"Ind20";1;6
"test";4;"mixed4";"Ind22";"Ind20";1;6
"test";4;"mixed4";"Ind22";"Ind21";1;6
"test";4;"mixed4";"Ind22";"Ind21";1;6
"test";4;"mixed4";"Ind22";"Ind19";1;6
"test";4;"mixed4";"Ind22";"Ind21";1;6
"test";4;"mixed4";"Ind22";"Ind23";1;6
"test";4;"mixed4";"Ind21";"Ind23";1;6
"test";4;"mixed4";"Ind21";"Ind24";1;6
"test";4;"mixed4";"Ind22";"Ind20";1;6
"test";4;"mixed4";"Ind22";"Ind19";1;6
"test";4;"mixed4";"Ind24";"Ind21";1;6
"test";4;"mixed4";"Ind21";"Ind20";1;6
"test";4;"mixed4";"Ind22";"Ind21";1;6
"test";4;"mixed4";"Ind22";"Ind21";1;6
"test";4;"mixed4";"Ind22";"Ind21";1;6
"test";4;"mixed4";"Ind22";"Ind21";1;6
"test";4;"mixed4";"Ind21";"Ind22";1;6
"test";4;"mixed4";"Ind21";"Ind23";1;6
"test";4;"mixed4";"Ind21";"Ind20";1;6
"test";4;"mixed4";"Ind21";"Ind23";1;6
"test";5;"mixed4";"Ind22";"Ind24";1;5
"test";5;"mixed4";"Ind22";"Ind19";1;5
"test";5;"mixed4";"Ind22";"Ind23";1;5
"test";5;"mixed4";"Ind22";"Ind19";1;5
"test";5;"mixed4";"Ind22";"Ind21";1;5
"test";5;"mixed4";"Ind22";"Ind19";1;5
"test";5;"mixed4";"Ind22";"Ind20";1;5
"test";5;"mixed4";"Ind22";"Ind19";1;5
"test";5;"mixed4";"Ind22";"Ind24";1;5
"test";5;"mixed4";"Ind22";"Ind19";1;5
"test";5;"mixed4";"Ind22";"Ind23";1;5
"test";5;"mixed4";"Ind22";"Ind21";1;5
"test";5;"mixed4";"Ind22";"Ind21";1;5
"test";5;"mixed4";"Ind22";"Ind21";1;5
"test";5;"mixed4";"Ind22";"Ind19";1;5
"test";5;"mixed4";"Ind22";"Ind19";1;5
"test";5;"mixed4";"Ind22";"Ind20";1;5
"test";5;"mixed4";"Ind22";"Ind23";1;5
"test";5;"mixed4";"Ind22";"Ind20";1;5
"test";5;"mixed4";"Ind22";"Ind20";1;5
"test";5;"mixed4";"Ind22";"Ind21";1;5
"test";5;"mixed4";"Ind22";"Ind21";1;5
"test";5;"mixed4";"Ind22";"Ind24";1;5
"test";5;"mixed4";"Ind22";"Ind23";1;5
"test";5;"mixed4";"Ind22";"Ind21";1;5
"test";5;"mixed4";"Ind22";"Ind19";1;5
"test";5;"mixed4";"Ind21";"Ind19";1;5
"test";5;"mixed4";"Ind22";"Ind19";1;5
"test";5;"mixed4";"Ind22";"Ind19";1;5
"test";5;"mixed4";"Ind21";"Ind24";1;5
"test";5;"mixed4";"Ind21";"Ind22";1;5
"test";5;"mixed4";"Ind21";"Ind23";1;5
"test";5;"mixed4";"Ind22";"Ind19";1;5
"test";5;"mixed4";"Ind22";"Ind23";1;5
"test";5;"mixed4";"Ind22";"Ind24";1;5
"test";5;"mixed4";"Ind22";"Ind21";1;5
"test";5;"mixed4";"Ind22";"Ind21";1;5
"test";5;"mixed4";"Ind22";"Ind21";1;5
"test";5;"mixed4";"Ind22";"Ind21";1;5
"test";5;"mixed4";"Ind22";"Ind20";1;5
"test";5;"mixed4";"Ind22";"Ind21";1;5
"test";5;"mixed4";"Ind21";"Ind22";1;5
"test";5;"mixed4";"Ind20";"Ind21";1;5
"test";5;"mixed4";"Ind21";"Ind22";1;5
"test";5;"mixed4";"Ind21";"Ind23";1;5
"test";5;"mixed4";"Ind20";"Ind21";1;5
"test";5;"mixed4";"Ind21";"Ind24";1;5
"test";5;"mixed4";"Ind21";"Ind20";1;5
"test";5;"mixed4";"Ind21";"Ind22";1;5
"test";6;"mixed4";"Ind22";"Ind21";1;4
"test";6;"mixed4";"Ind22";"Ind20";1;4
"test";6;"mixed4";"Ind22";"Ind20";1;4
"test";6;"mixed4";"Ind22";"Ind23";1;4
"test";6;"mixed4";"Ind22";"Ind19";1;4
"test";6;"mixed4";"Ind22";"Ind24";1;4
"test";6;"mixed4";"Ind22";"Ind20";1;4
"test";6;"mixed4";"Ind22";"Ind20";1;4
"test";6;"mixed4";"Ind22";"Ind20";1;4
"test";6;"mixed4";"Ind22";"Ind19";1;4
"test";6;"mixed4";"Ind22";"Ind20";1;4
"test";6;"mixed4";"Ind22";"Ind20";1;4
"test";6;"mixed4";"Ind22";"Ind20";1;4
"test";6;"mixed4";"Ind22";"Ind23";1;4
"test";6;"mixed4";"Ind22";"Ind20";1;4
"test";6;"mixed4";"Ind22";"Ind20";1;4
"test";6;"mixed4";"Ind22";"Ind23";1;4
"test";6;"mixed4";"Ind22";"Ind19";1;4
"test";6;"mixed4";"Ind22";"Ind19";1;4
"test";6;"mixed4";"Ind22";"Ind23";1;4
"test";6;"mixed4";"Ind22";"Ind19";1;4
"test";6;"mixed4";"Ind22";"Ind19";1;4
"test";6;"mixed4";"Ind22";"Ind20";1;4
"test";6;"mixed4";"Ind22";"Ind20";1;4
"test";6;"mixed4";"Ind22";"Ind19";1;4
"test";6;"mixed4";"Ind22";"Ind20";1;4
"test";6;"mixed4";"Ind21";"Ind20";1;4
"test";6;"mixed4";"Ind22";"Ind19";1;4
"test";6;"mixed4";"Ind22";"Ind23";1;4
"test";6;"mixed4";"Ind22";"Ind19";1;4
"test";6;"mixed4";"Ind22";"Ind19";1;4
"test";6;"mixed4";"Ind22";"Ind19";1;4
"test";6;"mixed4";"Ind22";"Ind20";1;4
"test";6;"mixed4";"Ind22";"Ind23";1;4
"test";6;"mixed4";"Ind22";"Ind24";1;4
"test";6;"mixed4";"Ind22";"Ind24";1;4
"test";6;"mixed4";"Ind22";"Ind23";1;4
"test";6;"mixed4";"Ind22";"Ind20";1;4
"test";6;"mixed4";"Ind22";"Ind19";1;4
"test";6;"mixed4";"Ind22";"Ind19";1;4
"test";6;"mixed4";"Ind21";"Ind23";1;4
"test";6;"mixed4";"Ind22";"Ind21";1;4
"test";6;"mixed4";"Ind22";"Ind24";1;4
"test";6;"mixed4";"Ind23";"Ind19";1;4
"test";7;"mixed4";"Ind22";"Ind20";1;3
"test";7;"mixed4";"Ind22";"Ind20";1;3
"test";7;"mixed4";"Ind22";"Ind19";1;3
"test";7;"mixed4";"Ind22";"Ind20";1;3
"test";7;"mixed4";"Ind22";"Ind19";1;3
"test";7;"mixed4";"Ind22";"Ind21";1;3
"test";7;"mixed4";"Ind22";"Ind21";1;3
"test";7;"mixed4";"Ind22";"Ind19";1;3
"test";7;"mixed4";"Ind22";"Ind19";1;3
"test";7;"mixed4";"Ind22";"Ind21";1;3
"test";7;"mixed4";"Ind22";"Ind24";1;3
"test";7;"mixed4";"Ind22";"Ind20";1;3
"test";7;"mixed4";"Ind22";"Ind23";1;3
"test";7;"mixed4";"Ind22";"Ind19";1;3
"test";7;"mixed4";"Ind22";"Ind21";1;3
"test";7;"mixed4";"Ind22";"Ind21";1;3
"test";7;"mixed4";"Ind22";"Ind20";1;3
"test";7;"mixed4";"Ind22";"Ind21";1;3
"test";7;"mixed4";"Ind22";"Ind20";1;3
"test";7;"mixed4";"Ind22";"Ind23";1;3
"test";7;"mixed4";"Ind22";"Ind24";1;3
"test";7;"mixed4";"Ind22";"Ind21";1;3
"test";7;"mixed4";"Ind22";"Ind20";1;3
"test";7;"mixed4";"Ind22";"Ind21";1;3
"test";7;"mixed4";"Ind22";"Ind20";1;3
"test";7;"mixed4";"Ind22";"Ind20";1;3
"test";7;"mixed4";"Ind22";"Ind21";1;3
"test";7;"mixed4";"Ind21";"Ind19";1;3
"test";7;"mixed4";"Ind21";"Ind22";1;3
"test";7;"mixed4";"Ind21";"Ind19";1;3
"test";7;"mixed4";"Ind22";"Ind21";1;3
"test";7;"mixed4";"Ind21";"Ind20";1;3
"test";8;"mixed4";"Ind22";"Ind19";1;2
"test";8;"mixed4";"Ind22";"Ind20";1;2
"test";8;"mixed4";"Ind22";"Ind20";1;2
"test";8;"mixed4";"Ind22";"Ind20";1;2
"test";8;"mixed4";"Ind22";"Ind19";1;2
"test";8;"mixed4";"Ind22";"Ind19";1;2
"test";8;"mixed4";"Ind22";"Ind20";1;2
"test";8;"mixed4";"Ind22";"Ind20";1;2
"test";8;"mixed4";"Ind22";"Ind20";1;2
"test";8;"mixed4";"Ind22";"Ind20";1;2
"test";8;"mixed4";"Ind22";"Ind20";1;2
"test";8;"mixed4";"Ind22";"Ind21";1;2
"test";8;"mixed4";"Ind22";"Ind19";1;2
"test";8;"mixed4";"Ind22";"Ind19";1;2
"test";8;"mixed4";"Ind22";"Ind19";1;2
"test";8;"mixed4";"Ind22";"Ind20";1;2
"test";8;"mixed4";"Ind22";"Ind20";1;2
"test";8;"mixed4";"Ind22";"Ind20";1;2
"test";8;"mixed4";"Ind22";"Ind20";1;2
"test";8;"mixed4";"Ind22";"Ind19";1;2
"test";8;"mixed4";"Ind22";"Ind19";1;2
"test";8;"mixed4";"Ind22";"Ind21";1;2
"test";8;"mixed4";"Ind22";"Ind20";1;2
"test";8;"mixed4";"Ind22";"Ind23";1;2
"test";8;"mixed4";"Ind22";"Ind23";1;2
"test";8;"mixed4";"Ind22";"Ind20";1;2
"test";8;"mixed4";"Ind22";"Ind20";1;2
"test";8;"mixed4";"Ind22";"Ind20";1;2
"test";8;"mixed4";"Ind22";"Ind20";1;2
"test";8;"mixed4";"Ind21";"Ind19";1;2
"test";8;"mixed4";"Ind22";"Ind21";1;2
"test";8;"mixed4";"Ind19";"Ind23";1;2
"test";8;"mixed4";"Ind22";"Ind23";1;2
"test";8;"mixed4";"Ind21";"Ind20";1;2
"test";8;"mixed4";"Ind22";"Ind24";1;2
"test";8;"mixed4";"Ind22";"Ind20";1;2
"test";8;"mixed4";"Ind22";"Ind20";1;2
"test";8;"mixed4";"Ind22";"Ind20";1;2
"test";8;"mixed4";"Ind22";"Ind20";1;2
"test";8;"mixed4";"Ind22";"Ind24";1;2
"test";8;"mixed4";"Ind22";"Ind21";1;2
"test";8;"mixed4";"Ind22";"Ind19";1;2
"test";8;"mixed4";"Ind22";"Ind20";1;2
"test";8;"mixed4";"Ind22";"Ind20";1;2
"test";8;"mixed4";"Ind22";"Ind24";1;2
"test";8;"mixed4";"Ind22";"Ind21";1;2
"test";8;"mixed4";"Ind22";"Ind21";1;2
"test";8;"mixed4";"Ind22";"Ind21";1;2
"test";8;"mixed4";"Ind22";"Ind21";1;2
"test";8;"mixed4";"Ind21";"Ind23";1;2
"test";8;"mixed4";"Ind22";"Ind21";1;2
"test";8;"mixed4";"Ind21";"Ind23";1;2
"test";8;"mixed4";"Ind20";"Ind21";1;2
"test";8;"mixed4";"Ind21";"Ind19";1;2
"test";8;"mixed4";"Ind21";"Ind19";1;2
"test";9;"mixed4";"Ind22";"Ind23";1;1
"test";9;"mixed4";"Ind22";"Ind20";1;1
"test";9;"mixed4";"Ind22";"Ind21";1;1
"test";9;"mixed4";"Ind22";"Ind19";1;1
"test";9;"mixed4";"Ind22";"Ind24";1;1
"test";9;"mixed4";"Ind22";"Ind23";1;1
"test";9;"mixed4";"Ind22";"Ind23";1;1
"test";9;"mixed4";"Ind22";"Ind20";1;1
"test";9;"mixed4";"Ind22";"Ind19";1;1
"test";9;"mixed4";"Ind22";"Ind19";1;1
"test";9;"mixed4";"Ind22";"Ind24";1;1
"test";9;"mixed4";"Ind22";"Ind19";1;1
"test";9;"mixed4";"Ind22";"Ind20";1;1
"test";9;"mixed4";"Ind22";"Ind20";1;1
"test";9;"mixed4";"Ind22";"Ind20";1;1
"test";9;"mixed4";"Ind22";"Ind20";1;1
"test";9;"mixed4";"Ind22";"Ind20";1;1
"test";9;"mixed4";"Ind22";"Ind20";1;1
"test";9;"mixed4";"Ind22";"Ind23";1;1
"test";9;"mixed4";"Ind22";"Ind24";1;1
"test";9;"mixed4";"Ind22";"Ind20";1;1
"test";9;"mixed4";"Ind22";"Ind21";1;1
"test";9;"mixed4";"Ind22";"Ind20";1;1
"test";9;"mixed4";"Ind22";"Ind23";1;1
"test";9;"mixed4";"Ind22";"Ind20";1;1
"test";9;"mixed4";"Ind22";"Ind20";1;1
"test";9;"mixed4";"Ind22";"Ind20";1;1
"test";9;"mixed4";"Ind22";"Ind24";1;1
"test";9;"mixed4";"Ind22";"Ind20";1;1
"test";9;"mixed4";"Ind22";"Ind20";1;1
"test";9;"mixed4";"Ind22";"Ind20";1;1
"test";9;"mixed4";"Ind22";"Ind23";1;1
"test";9;"mixed4";"Ind22";"Ind19";1;1
"test";9;"mixed4";"Ind22";"Ind23";1;1
"test";9;"mixed4";"Ind22";"Ind20";1;1
"test";9;"mixed4";"Ind22";"Ind21";1;1
"test";9;"mixed4";"Ind22";"Ind21";1;1
"test";9;"mixed4";"Ind22";"Ind21";1;1
"test";9;"mixed4";"Ind22";"Ind24";1;1
"test";9;"mixed4";"Ind21";"Ind20";1;1
